x1,x2,x3,y
0.08737095831676833,-0.6809652628844161,0.9876001786486106,-2.192818490422683
-0.5055009521253364,0.3488958251353582,-0.6194498635114711,-1.0333148543728832
0.4451505299004155,-0.7048417376789695,0.6563389888202722,0.9167645483673821
-1.0,-0.1848988898566204,0.03530872115798034,-4.27647749506427
1.0,0.9175452072116088,-0.5002067624055377,14.439785787085377
0.43758748632696,0.9273806320226974,0.29693636181783356,5.171846077686907
0.26780983024797655,0.146305126688135,-0.13641305037746543,1.0984982737548306
-0.07224912304168662,-0.7784311039833263,-0.04297313847760842,1.7678242892020777
-0.5556213712164795,-0.47684275176940827,-0.5046758036832493,1.64380005117457
-1.0,-0.7630952329649845,-0.16341284319479876,2.731761637910876
0.06652958094548977,0.481187836880997,0.4576839014007914,0.7249388414502226
0.34754630440168044,0.33809959149126256,0.4345847851946374,1.118960028228476
-0.27026243405040895,-1.0,-0.8309150226172677,-6.894008525157001
-0.2294997099154199,0.6342989084374928,-1.0,-4.2458134264163006
-0.3739343924390861,1.0,-0.07323244153627995,6.634354006353139
0.06866909328133985,1.0,-0.12377323999508527,8.891442050551236
0.6274886100966184,-0.4971398370221123,-0.7617024528817538,0.6537406382101068
1.0,-1.0,-0.4505300590214625,-10.312846271445204
-0.385303342461762,-0.39211384314436626,0.2784051335848552,0.3664333911564952
0.6796494850522774,-0.7964235821861423,0.5522210662436378,0.14594958320710194
0.6778401406941992,-0.09679713636062592,1.0,0.13907068547992205
0.12142974269554618,-0.24740530697065655,0.06025471535524485,0.47171177002955467
1.0,-1.0,1.0,-10.264214144457906
-0.9836384194736973,-0.2585956858641034,-0.17546333106770828,-3.173379769613888
0.07917032909202248,0.2336190147564643,1.0,1.7910397361894637
-0.8081125763398618,-0.18203198535358922,0.670509579110502,-0.4000960975511597
0.5632758638209006,0.4930570883174852,-0.39295643846330397,1.3760761878256962
-0.7375259594512558,0.020823165712922975,1.0,2.744629963301327
1.0,0.47903162379965303,-0.19636480846641557,6.123842318649876
0.8899680368137115,0.45725085194509507,0.3069991430246557,4.637469470115256
0.2263578492646403,1.0,-0.5136706791207122,10.116303799249252
0.5394828192917942,-0.19984776141682703,-1.0,-3.561895519751035
0.24524940806782847,-0.02769644775289337,0.178692445270632,0.36382444365302924
-0.03817745211792767,0.14247289250141804,-1.0,-3.41922626796476
0.2343390788729669,0.2885174194718818,0.8536853845685601,0.8028310134741625
-0.40640008202071565,1.0,-0.5819954073728533,6.238000326492403
-0.05237437332126316,-0.005559184837384379,1.0,0.23631904342149207
-0.6157185346623597,-1.0,-1.0,-9.91600787621254
1.0,-0.4323638102994869,-0.5215239896472783,5.049805311956246
-0.7966020434652978,-0.524332324774458,-0.9759016538454341,2.6808874679036565
-0.7061300105627011,-0.14059884081880702,1.0,2.2226443465712222
-0.08787968950570213,-0.9409666662554457,-0.1400705376576623,3.029599258911348
0.6589098297614944,0.42638075043869406,-0.16503305218605746,1.4299338431896278
0.3212539483483474,1.0,0.8665641414856156,9.494498677668473
-0.5021799980909196,0.37464026091012625,0.4625067457285954,-0.7444203354743353
-1.0,-1.0,0.11446231219133685,8.378379711143968
-0.10827056759735387,0.4573563575369759,0.2528023052732513,0.9338832643562
0.26293770808212136,0.32646160378540934,1.0,1.951243239963479
-1.0,-1.0,1.0,21.85767480936088
-0.5510557855409499,0.9085847660472324,-0.30649028938949807,2.1200378697793902
0.28077420457519,-0.19149788358240283,-0.667831831381285,0.9438226647504446
0.0400031289733378,0.4256026784425875,-1.0,-3.6430580018021543
0.3265772216427991,0.8529850384583266,-0.03711752727606332,2.417092570781474
-0.21132459959539474,0.0630676411433948,-1.0,-2.4589426589027146
0.3824686552321317,0.10919909376814885,-0.9047536761274844,0.05430206532268411
-1.0,-0.9796367891985174,0.17015378219173094,7.940047263924994
-0.9084444881698748,1.0,0.4086520159443503,2.046625050184208
0.12322584224883903,-0.5968267320768974,0.615221990755837,0.0021126451372978083
1.0,0.5386580322155974,-1.0,13.399565158615754
-1.0,0.45868870111969073,-1.0,17.004434600409244
-1.0,0.4509770238145674,1.0,4.174669803315506
1.0,-0.3484237832036756,-0.7541150254664355,5.243741357421682
0.42773661537862373,0.07881657094223127,-0.4139652470772419,1.2986108984659688
-0.5540854878592205,1.0,-0.11249936661860138,5.883469637038968
-0.4824066287582083,-0.7337375674745945,-0.17591015553516143,2.371172815639575
-0.42467087090546607,0.9005799571596802,-0.33352109802069685,2.535234306572593
0.5785833182669722,0.05618003903482127,-0.9401699936648948,-0.5510141445665504
0.9135297779853586,-0.0901063853064552,-0.6843669477718384,4.121456884157911
-0.2722060729462834,0.27829829984468946,-0.7208207709037626,0.2688085547119933
0.3956561174749329,-0.6828557398828414,-0.5919910885027286,0.38799661710161515
0.8653049897507936,-1.0,1.0,-8.516046869091285
-0.742648380325174,0.4776547719730637,-0.6012484288649449,-1.373693769609521
-0.44334608828827116,0.4400064165668194,0.9496520803270643,1.9295902977911081
-1.0,0.2181877964341985,0.46624140281354043,-4.0070831107029115
-0.37057961522174243,1.0,-0.7121298835962766,6.253077123205662
-0.19290753958665907,0.31445996995751235,1.0,2.2537519486885813
-1.0,0.3682320758353983,-1.0,16.061069429447137
0.2186479642823571,0.8685061341395157,-0.020075600877017985,3.6175287278596833
0.566907897518768,-0.037316350890250316,-0.13358480229300462,1.4388596423398317
-0.056405287523421554,0.9870164982103269,-0.26938497226299574,7.430362964968051
-0.6030832211372801,-0.7164118598711526,-0.4616628192149088,1.4452970995759151
-0.7082457920696894,-0.22435866107192792,1.0,3.0729697233981126
1.0,1.0,-0.15479413822898214,16.22311408419736
-0.6990136266909164,0.4646401338520627,-1.0,-0.17496747343033092
1.0,0.7180910777617289,-1.0,16.092181123360376
0.6839247337298076,0.4621456835149931,-0.1488324406573558,0.4159749314366692
-1.0,-1.0,-0.37016342668189584,5.848938545458073
0.5362793450076444,-0.5740348071675807,-1.0,-7.199976653081881
0.22941397497250327,-0.8871368695255428,-0.8531538024886731,-6.342723343979822
0.6447227776488451,-0.883074953683447,-0.6824246732851018,-3.150359282353546
0.9046859261437454,-0.01870938851438697,-0.8123059730069622,4.734568576048118
0.5421344378253679,-0.9268879703720316,-0.11101690225632588,-0.3951824242418376
-0.002781071325006268,-0.5051691976759229,0.6927654422516218,0.08022293528102657
-0.3022218668143348,1.0,-0.4281724577513397,7.638898179713422
-0.3070751672413321,-0.045997252766931895,-1.0,-2.773825902571956
0.20552998586764826,-1.0,0.32764043738019977,1.1743577042267006
0.5897249724491864,-0.23243048195870863,-0.2427617138106386,1.3373459595264312
-1.0,-1.0,0.3949632781383652,11.550264631287318
0.43666055662974324,-0.10253974189726534,-0.31133976780813,1.6046564592126815
0.1618920486826867,1.0,0.07805414056744375,7.610208371776678
-1.0,0.22097522827449456,0.5702934797288619,-4.10207788956834
-1.0,-1.0,0.083669049614993,9.131092499634875
0.11527674523287756,0.14033753605937616,-0.5822846336995433,0.5230966252662665
0.049368379769418214,-1.0,-0.35572339250204754,0.847216793237543
-0.24861647553493538,-0.24173677268276617,1.0,0.058830529104850024
-0.6560534788828851,-0.7549970608475292,0.8510930980941065,2.419720855744179
-0.29987564359968766,1.0,-0.3563993106327339,8.134506502086904
-0.8450401676785373,-0.5368255682866998,0.662002614755635,1.7002659004376086
-1.0,-0.698417643182156,-0.9661865911836058,4.38484825017296
0.7090227469754826,0.48730659996458603,0.06040674218134989,1.4146595059520253
-0.7427087615623778,1.0,-0.6412168658526942,3.766414727686515
-0.776375687621617,0.41800216280659486,0.7150461210159715,-1.016658643597698
-1.0,0.5084480701461425,0.7460394698979536,-3.9085352588804683
0.657709780146587,0.14300818932551818,-0.202263845724181,1.6502687873135635
0.08793604143555633,0.25122567692864584,-0.8092198623165605,-0.2566916177503882
-1.0,-0.00871342416003773,-0.9198447036017567,5.959235285276888
0.35092784779664266,-0.06597155960296863,-1.0,-3.48291799987249
-0.07908872959385094,0.29643589962697203,0.05976466988395179,-0.1954586150334771
0.0923939886047338,0.7564354427430993,-1.0,-3.236570805111239
-1.0,0.8694628123512358,0.09568203544841825,1.2929248166758562
1.0,-0.23723137563490493,-0.04311984031008298,4.150438362089219
0.4195039505639342,-0.2698027873250832,1.0,-2.8266927604160808
0.33208992667903936,-0.7649255840086171,0.05901783455716192,1.7886488196382004
-0.698936389863061,0.19343121860046408,-1.0,1.3590146460488721
-0.9626957481864817,1.0,-1.0,16.52825342448658
-0.4811665049104574,-0.14117280438231838,0.5916450837813876,-0.9129456976287152
-0.3075838519853531,-0.3415586338826604,0.3541220939597727,0.1480819165397646
-0.006760859507666028,1.0,1.0,12.380154726747527
-0.05879315939656937,0.8317536920799093,1.0,7.902480314262378
-0.415530933731838,1.0,0.20554674011622365,5.834803544218059
0.4020861383929495,0.4540534223986672,-0.28859455459424144,0.8950943601890649
1.0,1.0,1.0,26.104964599382235
-1.0,-1.0,0.05232988037709463,8.697169170126385
-0.5310062783315499,0.14735884436189228,0.7845073027829519,-0.7920392244493973
1.0,0.7981040748191071,0.43704271095014047,11.218182201270135
0.31010999271389217,-1.0,0.6538531106759087,-0.9466673705107498
-0.11103182013986745,-0.9136251540291838,0.9349526969918338,-2.9140553260282633
0.9950370251575213,0.3170749166738287,1.0,17.683763674026135
0.9292653147662564,1.0,-0.0030684273954597607,11.398528951129393
-0.342369877591272,-1.0,0.3040247585491598,2.425565481444715
1.0,1.0,0.2911886888335107,13.392638914657045
-0.348610245520681,-0.4664023643625743,0.3610648206641831,-0.18639738791628802
-0.5633994412394843,-1.0,0.2337688392455166,5.487048035188346
-1.0,0.4430350363498148,0.4438295952525997,-4.540111772870552
-0.5567852430068847,-0.28052085133861726,1.0,2.2534496683561134
0.6508372300536636,-0.38668959324242747,-0.07558051552848832,1.2040170325435966
0.5483314471066829,-1.0,1.0,-7.722708629100317
-0.7965016515667938,-0.9933134447020677,0.7614483762217699,7.892790688521192
0.726637597877404,-1.0,0.34781320124571113,-1.700301811829716
-1.0,-0.9657101586339802,1.0,21.159333256233314
1.0,-1.0,0.13047538534138248,-7.214464292589643
0.9567634506273737,0.48557602540429956,-0.2959942317596933,4.5871184026485
0.020014530874030934,0.45925157439996744,1.0,2.703677034653794
-0.8076482231259763,-0.5646108186741365,-0.4848091415773985,0.8514470472560469
-0.15626856360854835,1.0,-0.6204391083121432,8.72157418489584
0.3813434050879483,-0.7221502693131825,0.30606063937691297,2.0177268124675214
-0.556666373100539,-1.0,-1.0,-11.03099186164204
0.7574777487127669,1.0,1.0,13.464410956685736
0.3796164754328031,-0.3361148041661135,0.48487925998929793,1.4046835099831347
-0.5139573425782258,0.10074881690523885,-0.9996309901979605,-0.7843513728370212
-1.0,-0.7366922339170807,0.3663172065809448,3.8674776079382465
0.4531815808521493,-0.025043141885245035,-1.0,-3.3479449292556738
-1.0,0.7596235922340955,0.24785208312458185,-1.8104861457299462
0.131798245940405,-0.39670676741846433,-1.0,-4.625481886342518
1.0,-1.0,-0.9817145077268994,-27.91756621027611
-0.2828235045645002,1.0,-1.0,1.3865423303440707
0.34767563603276996,-0.89870298889941,-0.28141948293868824,1.2797229338833425
0.5177751700832065,0.23963583654502418,-0.07547505799581833,0.7159032041563596
0.07251923248343117,-1.0,0.4759881357278053,1.5497223515842398
0.28095337338055604,-0.1055991068232136,-1.0,-3.3386769206697764
0.6963421728861587,-0.2534606719174304,-0.9740491871767616,-2.243225192132786
0.6967967489649289,-1.0,-1.0,-25.67965262295357
-0.5257650512200671,0.8351657630443337,0.41891861006057907,0.5700004691453663
0.1103583505524679,-0.16466705902167833,0.8549823856714458,-0.6319061826624988
-1.0,1.0,1.0,17.25199174831837
-0.7448343085872084,1.0,0.42760671603640255,3.064410751142943
-0.7117607075990957,0.014990153667483908,0.4609179397120209,-1.3329863684635328
-1.0,0.3278930828293076,0.34052842320540866,-5.104544943699778
1.0,1.0,0.0891325960043563,14.510704085356831
1.0,1.0,-0.9368949498001269,36.42930371997368
1.0,-0.05294720776178119,1.0,11.024588564175263
0.2042518042711774,0.26822972351543806,1.0,0.5909237981962898
0.508110429115838,-0.12810076390350567,-0.5762882076359863,1.0437019773641552
0.5741704514981094,0.468748750506224,-0.5083064415023231,0.5965966765778514
1.0,0.1555399442191956,1.0,14.942730280975066
0.3542524216147318,-0.13139145164417876,-0.9727789800750712,-2.998145873418915
0.877947993355364,0.5127442291776414,1.0,14.61244754836931
-0.04820542446333542,-1.0,1.0,-6.977257150648013
-1.0,-1.0,-1.0,2.7528856788418268
-0.28593995338906164,-0.17429710137178622,0.6609312812087125,0.013920527490674314
0.5586071737126472,-0.27305451469127906,-1.0,-3.503317804778899
-0.8176247140108484,-0.8817659978643124,0.005191727119753686,6.200638282796812
0.9779394203433514,-1.0,0.8581312717934553,-6.924713752501246
-0.007098793869809938,-0.6359169213443718,-0.4016224720651207,1.5269496296758516
-0.8157565493346697,1.0,1.0,16.08868068979137
1.0,0.4207324687248515,-0.9718326004479529,11.78973268231343
1.0,0.7777170693936912,-1.0,19.307369650373847
0.9172897261757427,0.6257979545964565,-0.07750444815590951,5.242205565427944
0.8291622470746882,0.06304525503857317,0.8646826552409121,3.492947003699282
-0.6993434587868577,-0.4125323455705061,-0.4158620607532555,1.3155178102646503
1.0,0.10163944693315452,-0.12650204281180688,3.8133741326209414
1.0,1.0,1.0,26.4084888830773
-0.9395576799599838,-1.0,0.8021947235250915,13.638084271379743
-0.12330204071108652,0.6802861451457647,0.5232306612917805,1.163871066080349
-1.0,0.7872750505387578,-0.5777549049637802,5.825309821045719
-0.2557844182145321,-1.0,0.6461152306554931,0.37990676117990985
-0.8145045064982841,-0.1330040918126716,-0.8132369193895066,1.343301808815149
-0.06666745384233042,-0.9098687839460764,-0.6814545020298777,-0.8040894125158752
1.0,0.2545154544168027,-0.35514257585112596,4.742618249970698
-0.09360117723764794,0.022241501673256003,0.008001591539569253,0.8885933327418508
1.0,-0.1347851930349253,-0.13451247055864513,4.130168442129015
-0.4987135898531698,0.9347978138233228,-0.1598390382016428,2.2009535923333874
1.0,-0.05232200368158857,1.0,11.060391092608834
-1.0,-1.0,0.23289919376269164,8.287607802666521
-0.23254595053866312,0.5829381668705345,-1.0,-3.881829467310294
-0.5048583361801287,0.424955899191396,1.0,3.7962171027800826
-0.06718699603166045,-1.0,-0.28467164486548846,2.4597491667653584
-0.004747256774439768,-0.7604457367054225,1.0,-2.7181998419755904
-0.5909935262970176,0.8116045030585279,-1.0,-2.3858962326125615
0.7097281742986785,1.0,0.2695339701778414,7.03763123503715
0.09615876300303827,-0.6091123673766246,0.9847967751468976,-1.9459765985884458
-0.5326845974126819,0.5907396244766858,0.8493154544001025,2.466639284280502
-0.5400018979031058,1.0,-0.6268869013864822,4.569089802280091
1.0,-1.0,1.0,-9.06807597511796
0.7464022196659967,0.8539926677569083,0.21836941339311933,4.530046729117827
-1.0,-0.5021917572463834,-0.581828685740079,-0.7169482618559271
-0.12274961609603663,0.6421198671045396,-0.4991027241439481,1.0644083608665527
-0.38072094664184153,1.0,0.46688438799826804,6.676800674987125
-0.2837014773237736,-0.026029009613729448,0.18758172454960587,0.38070391832383105
0.37885889549681995,0.07737173316279256,-0.3077455477136686,0.9765986166682453
0.6357202313946988,0.43424986646084607,0.8783518554646175,4.1133568178385325
1.0,-1.0,-0.3769799167138572,-10.555333166385308
0.39987586209794856,-0.14679887244255996,1.0,-0.9480568269843117
0.38277631073882556,-0.9566731804548436,0.3624092483358643,0.14039596747425653
-0.4245388969427948,0.4800023813283052,-0.24233460685106678,-0.8127759194903141
-1.0,-0.9869970917654693,-0.05664500567610076,7.04052796709834
-0.226517644423198,-0.8134707285270852,-1.0,-8.74678715060779
-1.0,-1.0,-1.0,3.430899628222754
0.950239048556059,-1.0,1.0,-8.833288494946709
-1.0,0.5846824216240056,0.15100560852396128,-2.9041579179187758
1.0,-0.3823028031487663,0.3348718713418246,4.69941340900959
0.11966170213938465,0.18615725318626697,-0.40914553024368017,0.4843963549452956
0.8667453299957026,0.006241022393078888,0.01076609088813818,2.5588305497548873
0.09770012632899983,-0.14179761480949793,0.22440635721495417,1.662539466249104
-0.9071230274705058,0.7503615928732861,1.0,9.708788146641645
0.4452335181741618,-1.0,-1.0,-21.920838291013478
0.5322169909652648,0.33843070405077835,-0.14435236534278384,2.1569881790582337
0.5150950186360452,-1.0,0.13583397209040626,-0.07949850123503444
-0.1346547673796692,1.0,0.17259450150038447,7.584530076834096
-0.5948286524604247,0.807228301308557,-1.0,-3.4709849809446087
0.10083050594181575,-0.7585271157234434,-0.2030406602065815,1.0899322253179187
0.45043426109178153,-1.0,0.45451700898045,1.1228860649392178
0.4831595984610553,-0.4626844689873093,0.25708146075120686,0.6379746804224146
0.5531786068499869,-0.342448612223488,0.511774448112335,0.6536382408007333
0.07372031750566665,0.8886102999790164,-0.5471473260049675,5.128590395973666
-0.8872432096507998,1.0,-0.3611614361798463,6.334291509849244
1.0,-1.0,-0.2989703889179911,-9.496626193846511
-0.43967321605933596,-0.1905648995079865,-0.06943821285190688,0.1289134478734118
-0.02336484624386692,1.0,0.6051481039125552,8.674285873338034
-0.05872868525186803,0.6598851584532202,-0.1486572106616848,-0.2614421695602157
0.3199960665887893,0.2533462434802203,1.0,1.381910102980183
-0.5912749461946247,-0.5172602021412978,-0.01639327592475781,1.010746727584085
-1.0,0.44071604358061234,0.6289041909491981,-3.7666023830008752
-1.0,0.2082918276304775,-0.7290459137464178,2.6536903521463264
-0.4667654205875731,0.05530489779320025,0.6371096997904853,0.26109974558791094
-0.1066719731026331,-0.0041240883781674675,0.5142410787738672,-0.21618438647050622
-1.0,-0.2826921023628519,-0.0017505697296889,-3.325074055818699
1.0,-0.41339344938197753,-1.0,3.237240493562086
-0.007666739264246436,-0.7591112261354662,-0.02008733320411671,2.060209946738337
-0.09657921828612293,-0.1730969672577467,0.4540099363376502,0.23211916705501873
0.8208782794144205,1.0,0.40887743597075965,8.55395376610115
-1.0,0.20171541002618665,0.2531019356660831,-4.722543880800548
-1.0,0.17490531910019946,0.1845309662784269,-4.966616589977703
-0.11962965625799926,-0.4117246128512535,-0.8002247453042959,-0.12808587010914196
0.4913910528187244,-0.6187586430251237,1.0,-4.095256542051307
0.5499885317442259,0.5500739394901195,1.0,3.83916140103556
-0.9137583769555142,0.07970011151080647,0.016403698711071613,-2.8266773747887437
1.0,0.3705897541637133,0.5233911560732196,8.780553493300266
-0.35914224221281943,0.028972673571574736,-1.0,-2.3472777956942243
-1.0,0.7027032043987731,1.0,9.073481229790337
-1.0,-0.29443301188029314,0.3575959927078354,-2.2616282082816825
0.19150030140667984,0.2009892911669553,0.2166505319790546,0.3245821951710724
1.0,0.15975757382462574,-0.13439434222829472,4.166303970511522
-0.15268850503454257,-0.40599308123982447,1.0,-0.2942253268785728
-0.010206102209038947,0.6580034981196461,0.05427843466182747,0.732383781208293
-0.4553142273203956,-1.0,0.10864038636560269,3.397566879959684
1.0,-1.0,0.7064262663250735,-5.8497836860183225
-0.2479072114238987,0.07697472600582644,0.16045384848078403,-0.01176978434404266
-0.9181483880605512,8.951815464808277e-05,-0.4311397964386483,-1.4518555528108816
-0.4186158802746036,-1.0,-0.5123105406756943,0.6147131317989494
-0.1545155392976898,1.0,-1.0,2.3535562115056328
-0.6705508420895765,-0.15113273636288072,0.8357313057287425,0.2211636458147001
-0.7594161974959637,-1.0,-0.01110263895900232,5.416942941036608
-0.3732547291958057,0.10294045407707575,0.2701476025990053,0.3362200349469465
0.11148820421533379,-0.8757488419576478,1.0,-4.020194992889291
-1.0,-0.0798837307143283,-0.11366144506582843,-4.006202649398421
0.31796138295580656,-1.0,0.02465244509977005,0.6655647664438754
1.0,0.09198610455323974,0.042924646065274796,5.23811911437233
-0.7439165563422976,0.36459524406755683,1.0,3.430605301586751
-0.48399950937639447,1.0,-0.12198619439337244,6.3776257007832164
0.5607087109442301,-0.23303593314767856,-0.2881609175072122,0.5961677368016552
0.8065292905425954,-0.28561396956567386,0.05396488802590205,2.339451139208297
-0.433598096391387,0.24917196194672475,0.08480886670318433,-0.6818069299864635
0.8639842161748719,-0.7173810390550266,0.51447798121085,1.1628596636627277
0.32273892613437116,-0.4395122043173525,1.0,-2.901474770700143
-0.9953201833680281,0.04849102813395412,0.35438932688857117,-4.745835539487824
0.8048185826154644,-0.13674327432080413,1.0,2.769490146477566
-0.6166478093634735,0.34806396788123584,0.9564726577313325,1.58206451413142
0.6414327443179964,-0.2519034460289189,-0.16174432795133797,2.0688330075785406
-0.6927783976008115,0.3026594791248012,-0.07688556831286597,-2.3023471119344645
0.6643249077731503,-0.6633269530585262,-0.5924682251544648,0.5374748979115224
0.4789461862981772,-0.5974794531248149,-0.31403918357814975,1.3752984681355747
-0.31534809017448673,-1.0,-1.0,-15.444966109504414
0.06085149164866732,1.0,-0.8384432639312469,8.286318943854866
1.0,0.7367278884793254,0.828056063759042,18.60298513090358
1.0,-0.4727993860687354,0.4139590042870207,4.850797883539064
-0.5685557883186054,1.0,-0.5730628396791451,4.429143603151664
-0.4128645768435262,0.7663854255733469,-0.0783481831129349,0.009509345584457984
0.021883007609085237,-0.35029142733528107,-1.0,-4.043087486531639
-0.10006727188211473,-0.5010174963417875,-0.5818129638725344,0.9206286530300484
-1.0,-0.19166458100384798,-0.9428084154669061,6.191982977451288
0.15808868033454226,-1.0,-0.09938559385025769,2.267842508938561
-0.5172026442961868,1.0,0.09100718849132572,5.292826404916633
0.4847770213273799,0.6891990421037641,1.0,5.720332517275853
0.15910855514271427,-0.1880906022176163,0.9337750222681802,-1.0716367433022125
-1.0,0.15965483171233075,0.35457181994402953,-4.390631166092513
-1.0,1.0,-1.0,21.56925801075901
-0.3140141806173873,0.7331103847292635,-1.0,-4.485973069353428
0.24181066968298648,0.6392027296971019,0.9476474131754606,3.884110383418688
0.005414890102711345,-0.8379274906395071,1.0,-4.01186199896796
-0.39594906812690445,0.5765244197353128,1.0,5.031048630684153
-0.5683394624098452,-0.18010160029251177,0.29299614975701815,-0.23433833039487953
1.0,-0.29090783110726814,-0.3359064285844786,3.7618732517215734
1.0,-0.21694286842451427,-0.3200720589230175,5.237932942167203
0.6095759524767279,0.06649901875896269,1.0,0.09500275552770732
-1.0,0.8674415316090356,0.4794247530856526,-1.223274127988752
0.3710570648377556,-0.34988062092437255,-0.3804024496025804,1.3714737467776956
-0.5619906575123608,0.24920436549868308,-0.6127837907819078,-0.6135096674453278
-0.806423530450938,1.0,-0.3912310138301056,5.078680060702935
0.5311202638683363,-0.32462369296567983,-0.7477232917910221,0.6444936813769965
-0.19621651912640647,-1.0,-0.284924095794566,1.85628258728955
0.44551418003520693,0.30198689063034534,-1.0,-2.621814465566781
0.42634927693835833,1.0,-0.557536749361321,10.705335045527322
0.22182713998417358,-0.33559047324610747,-0.8031702396760843,0.3457020901342109
-1.0,0.5606939401129292,1.0,5.995316724649618
0.5054553440741125,-0.08718793040961126,1.0,-1.6097059197192511
0.18492339349592046,-0.30321195765436104,-0.5859122963785062,0.8937327295904911
-0.6503718284654287,1.0,0.07542179219832046,4.700009397336552
-0.6789345622963929,-0.35471662973915885,-0.17555092792911275,0.2987179044962546
0.5193139543393606,-0.5294579479517179,-1.0,-6.637992675518522
0.4722932350562461,0.02958291877417607,-0.19594573026151374,1.4005138928558607
-0.9484639387810403,0.06359290471692702,-0.8297142024313715,4.101116012050826
0.3842859133504031,0.7477061915208207,-0.6879408849947148,2.142659656009587
0.8101541104223078,-1.0,1.0,-7.418859505240713
-1.0,0.8737998930097393,1.0,14.480706328774803
-1.0,-0.16198838665802606,0.9034054809914998,1.0556712798475498
1.0,-0.2669824985684943,1.0,8.678604978618699
-1.0,0.1683911031448404,0.6240032729235396,-3.829678984654864
0.37590453282205005,-0.6037027481166728,-0.028496425208748732,1.7381544253661367
0.6362621664407124,0.03130505756036084,-0.29286730656113624,1.1666219122844992
-1.0,-0.16753263111906436,0.5870547493988609,-2.6061028828751596
-0.05911882408947777,0.09326721517979708,-0.6924486904093006,0.7785922465697016
-1.0,-0.658776302899444,-0.7404512593358052,1.5180228250112031
1.0,-1.0,-0.2869366200197765,-9.920602814122056
-0.10035813179787079,0.05255503929535155,-0.5523792087892343,1.2395913029581287
0.6852555085688758,0.4829207146307395,0.921669896000102,5.065386146681248
0.4164681967008541,-0.40324199488374957,1.0,-2.7825682759141954
1.0,0.5262164550528148,1.0,22.325772338040277
-1.0,-1.0,-0.7398797517805396,3.3601072118915725
0.10689177598282518,-0.06208825459102241,-0.03649685076145004,0.16166479334861628
1.0,0.3444712581495879,-0.9914456829565912,11.37551067593476
-1.0,0.3557403660459695,0.07587750760722445,-4.680110965490657
-0.7481262880242987,-1.0,-1.0,-6.634550414577758
-0.5361984339579917,-0.4841047927738331,0.6272935869351983,0.30395445133057125
0.5892416828792257,-0.03237233576810894,-0.0670281899142553,1.7185716476014334
-0.20978327114023498,-0.06654148081702793,-0.7169950312600695,-0.13920671994478628
-0.9999337337006533,0.30541177726985747,-0.562045425921786,0.1558176919485726
0.6020442964109145,1.0,-0.7451674003245432,12.738507561232206
0.32004994602298553,-1.0,-0.17319672217653315,0.8068749695746066
0.1367247420841955,0.7893839761093315,0.8178384053582677,4.576988794806232
-1.0,0.02973756637779701,-0.5805542836407125,-0.7591906830635431
-1.0,-0.7554182812551435,-1.0,4.714175948034278
-0.9867394726282579,-0.01149898590206444,0.11995465671197425,-3.6709996971687047
1.0,-0.25413443478183817,1.0,8.070831007530732
1.0,0.6874888581112184,-0.15842054245950243,6.975888700544751
-1.0,-1.0,-0.3415351250629661,5.3632579693742635
0.7648787070329712,0.20551660960702778,1.0,5.119983950710782
-1.0,0.9081923018276137,0.4383313178117172,-0.23504357079672522
-0.435531076841043,1.0,-0.987744621567282,0.4690136105347693
0.5435575803955277,0.014212545510652985,1.0,-0.5845696918120216
-0.4570739862045037,0.9139572787191388,0.11854381691831062,3.206411982259069
-1.0,0.014077667580999487,0.5646572319339993,-3.4041705103139366
0.8071070938159965,-0.7095741384532277,0.5530560697806517,0.7624484759586153
1.0,-0.08727143765449608,-0.516452099383746,5.222548663537298
-1.0,-1.0,0.40167400649394747,12.162381454943933
1.0,0.09699064277622638,0.3965724294281916,7.101712404929934
0.25245848967803775,0.09655971837612087,-0.33771995686657275,1.1454398188534478
-0.39299559186824173,0.5540953615247264,0.2315556751022625,-0.7893401897162755
-1.0,-0.7558075080719759,-1.0,4.4144927396718785
0.4858056617698614,-1.0,0.5680038092837718,-0.4601253462520397
0.012201765616048244,-1.0,0.6994347243667445,-0.8618732559164167
0.8186042799275066,-0.4220825646213693,0.7267126684939982,1.7639687774163746
-0.6000252148143004,0.34705174240785985,-1.0,-0.5176155550061318
-0.5821882694304195,0.03963353789001367,0.08504936038401079,-0.6773919886420314
-0.5794850107494929,-0.13379476709759297,0.041308671521697704,-1.1650990589494155
-0.437510714013408,-0.897224016159865,0.8736490109098642,0.5586580572273652
1.0,0.1397697302726275,0.609160580924851,8.493246532521539
0.4785344566103775,-0.10440705978867837,-0.14422431851142936,2.0855967818195937
-0.3789636865683803,-0.011547586687159273,-1.0,-2.1057500322183205
0.9820190357556733,0.5579711860010164,1.0,21.615871824559353
1.0,-0.3470550668718051,-0.7219072574090988,6.317103116219382
-1.0,-1.0,0.12259559339618042,8.709615846070385
1.0,0.2210556714702765,-0.24708530724754896,3.6501593607886633
0.49087909692515086,-0.817471331476791,0.35896535120062034,0.27483458496168395
-0.9120953627128794,0.43565366607432887,-1.0,9.639629675970019
-0.15259228608936004,-0.16606603944896992,-0.10108790098334097,1.5524565668289887
0.6594035775397724,0.6041317336699934,-0.6205213990858316,1.211838166816274
0.05631831651951025,0.34572016320822985,-0.5338259029343857,0.39630186678477297
0.19007886724673084,-0.1994427959752032,-1.0,-3.6311758282684448
0.4472889857853861,1.0,-0.07754303900013215,7.975603803602896
0.8050374831632789,-0.5955809577795557,1.0,-2.1531850150147642
0.5941596431274792,0.42675325589817614,0.42691092210099857,2.202942566810197
0.4514738847324198,0.3107539443275631,0.5517168446769452,1.14020475462217
0.07676333517646672,-1.0,0.5206664544792008,1.5039482093530574
-1.0,0.6164148506890756,-0.0241948851244973,-0.6553831417733158
0.4343257281294721,-0.5100175505465865,-1.0,-6.66196994904443
1.0,-0.11054462387822483,0.4507328627649754,6.70562496373603
-0.4238889440877065,0.16065161705920694,-0.17505348094838413,-0.43813723390539605
0.5389626955771953,-0.9954969270132861,-1.0,-22.531950638824988
-0.23886679364006858,0.8000791361330302,-0.44024075496063864,1.3582923448239201
0.7904835180929373,-0.008399073135567425,-1.0,0.4388062709803672
1.0,-0.08851700765653958,0.10147117524443217,5.352180657532299
1.0,-0.6365132376363525,-0.059200579348992255,2.664090580236372
-0.553756201998858,1.0,-0.19174384219550666,5.768117699972286
-0.8503589259466049,-0.021346405396253987,0.84476548449791,-0.2206154078147186
0.4192512878064041,-0.14620656724568315,0.736228272902439,-0.21499647088001705
-1.0,-1.0,0.7959385783141428,18.197963891128946
-0.10689301786871264,-0.2417430593669525,-0.1348203326215791,0.4304733879484417
0.38265210885329126,-0.20565148906410613,0.22139651010471306,0.5596181368076378
0.755520596949264,-0.34216437800311694,1.0,-0.8153954751505974
1.0,-0.4757226469676641,1.0,5.331677978496316
-0.4126950512352474,0.7566371760273567,-0.8871037774407151,-2.4879217312945014
0.2553823179212984,-0.08204774659197489,0.21262284805476606,0.6099251510142889
0.3429466347281591,-0.7572965906625393,0.8576881499640812,-1.2118093169636712
0.23562201993463328,0.018919507874964436,-1.0,-2.596787194636551
-1.0,-1.0,0.5091088284356082,12.353482872815313
0.34118186249482063,-0.47513444112744674,-1.0,-5.914775054801159
0.4658684219267306,-1.0,0.2378542274471851,0.2102870390770454
0.6131465069881705,-1.0,-0.03922312479134171,-1.178347243915005
-0.6680186176218561,-1.0,1.0,0.9473573422268292
0.5302338058261351,-0.42977642409816474,-0.09202289476465397,1.3731312404288665
-1.0,0.04074472648416805,0.9061044324674399,0.30259395012431484
1.0,-1.0,-0.4154796670641072,-10.470221908057047
-0.5843186915254353,-0.6762561317876457,-0.5561698139636562,1.227192544152848
0.6325691992897402,0.19397908252332186,0.9480559465305471,1.4500101731244626
0.22604330855467958,1.0,0.20328237820746176,6.911768642795495
-0.2030770841999685,-0.9817426101439815,0.5171983138725693,1.58083629877273
1.0,-0.07471201704718577,-0.693722712430783,6.705644209411234
-0.7231251020124323,0.0207189404647925,-0.09745939663164904,-1.3815201288365644
0.6770407937207881,-0.011243415746704732,-0.8067606976119357,0.9053500366305922
0.3009207814497812,0.40410237619182876,0.7008615714017414,0.7204741503556489
0.924690001699102,-0.21122166610658843,0.5984447403816469,3.975447104704547
-1.0,0.15144848841860226,-0.7065569450173539,1.2590975516247032
1.0,1.0,1.0,25.32664649680293
0.6232634844744847,-0.12752296259077034,1.0,-0.4889195774033383
-0.8962856581316967,1.0,1.0,17.080518154719087
0.7416136153107598,-1.0,0.1981629741285733,-2.4883661666841452
0.022694745151865092,1.0,0.5310825787787294,8.110042297720026
1.0,0.16984561925763741,-1.0,9.455669284152545
0.18811873039768545,-0.9625649312739384,1.0,-6.18717486181315
0.425152288994598,1.0,1.0,9.583435355806078
0.7029086808165714,-0.14185254782257806,-1.0,-2.5541293405453493
-1.0,-0.23940591837344716,-0.13085726019787014,-4.103406251704572
-1.0,1.0,0.7045434681843874,2.3962763903073063
1.0,-0.6504239538131489,0.8050242236895335,3.6812584825542536
-0.5588529249045857,0.4959148538638116,1.0,4.623085622841244
-0.9476743397789591,-0.3135744146821604,0.8279264013396268,2.045214116558374
-0.5117103340526534,0.9061276573203467,-0.1348898873876272,1.5902346148553794
0.4318567067839205,-0.8446207132820402,0.28394852346244615,1.0396638216752048
-0.024662010273007517,0.6290909075499196,0.9421559424254331,4.168334908956555
-1.0,-1.0,0.6385853965281043,14.865806375611726
-0.12276835447261325,-0.5186144894994298,1.0,-0.935904516606948
1.0,1.0,0.9486015469794087,23.08689889921768
0.06172141054580993,-0.8381022418889594,-0.031277101512259486,1.8808995838886284
-0.3424596626097107,-0.005905067880144221,0.7422877773997354,-0.15210275151407876
-0.0484334223071754,1.0,-0.7393641542829239,9.513169093182443
-0.7874655028617865,1.0,-0.7868825744465753,2.777861193639957
-1.0,-0.351083135825633,-0.6040724104184145,-0.9537148029902089
-0.6615769877051165,1.0,-0.46544289355635926,4.479844960690576
0.15177750110592036,0.42553872619899913,1.0,1.9913659632100171
-1.0,0.24241987224144745,0.18135017168919232,-4.662291378240536
0.32938445665682337,-0.5000035054994121,-0.30236470298591134,1.2538403905265143
-0.7409781592952134,-1.0,-0.42844007804628736,3.2115529466295243
1.0,0.9804653408947075,0.32539219902750394,12.831114407394054
-0.07013083272497744,-0.7792519817905914,0.06481675410749488,2.1605916313460503
-0.7974195293648447,-0.9272277619093405,-0.02083488829944713,4.500511993357349
-0.6057760455799692,-1.0,-0.5284151939820976,1.6045047095443312
-1.0,0.70405233476732,0.4357772964140407,-3.0185360551806424
0.6611586129929596,0.03198328405246387,-0.39451797568638725,1.4074115795277125
0.6014114547172993,-0.06649036345987902,0.2746007103828567,1.9182681641965935
0.1854342756254379,1.0,-1.0,5.5128727205159835
0.5342031768225115,0.25516806543097537,-0.19606534636075867,0.5530310762883731
-0.15743356630924676,1.0,0.9180754413269006,10.749322628440943
0.09412495149176148,-0.7342621351307379,0.2513917209403951,1.6348638271968976
0.46700315887876376,-0.4350415061816477,-1.0,-5.637905642613923
-0.08471329912738246,-0.27506689959332986,-0.7520514695590321,0.7663480059585743
-1.0,0.21882744259874642,0.5483477777753252,-4.36274073248941
-0.5840437339818985,-1.0,-1.0,-9.786055924534324
-0.2957574242957095,1.0,1.0,15.35721935917242
0.38145142232792306,-0.13079757883335463,0.6843373402624087,-0.16943016888742535
-0.33023762261196477,-0.10168737595758359,-1.0,-1.5541158669324127
0.6701500014044905,0.19234045557974122,0.4052747034744415,1.9282971012382912
-0.34135702148483604,-0.20692194223940574,-0.6078730103249539,0.5899944698223315
0.306671936141504,1.0,-0.8699775508730763,9.789250938490385
1.0,-0.6682262834482733,1.0,2.766502466221453
-0.18837625690273052,-1.0,-1.0,-15.384721018233197
-1.0,1.0,-0.09953488113440323,8.986575106349944
-0.15004281162102706,-0.15636332663252595,0.5362728212733912,0.19366381150467737
0.2817144463499788,0.11059797550761807,0.6379978905207462,0.37558818004862315
0.4066998539837816,-0.6341431765742056,-0.5609088125376782,1.0808303956950134
-0.05851418721534851,0.690981522959085,-1.0,-4.101802433459512
-0.9435294013800317,1.0,-0.36790931391977866,7.704809113199068
-0.13707183559733815,0.745786772247292,0.5013178314879176,0.8050897323945896
-0.3314821657190772,0.14251055215416586,-0.11131709309181903,-0.1451911878100673
1.0,0.3363713397671264,-0.45226516220886626,4.510070914082061
-1.0,-0.8613876450775704,-0.7822494477224522,2.7555212388936443
0.6870021036882021,0.023050996692046688,-1.0,-1.377634772720002
-0.5905576048546026,0.3338332768013297,-1.0,0.09302770065198929
0.17829016921121443,0.35400711640103255,0.4127064787683268,0.12331457087060171
-0.7832531878935118,0.29245890916165496,0.09411381052366674,-2.860034808037497
0.44000048751797216,0.8793531585283361,0.16433006668715655,3.609239046259059
-0.9412171928413564,-0.21205636554356033,0.781155719819395,0.3383603634287957
-1.0,-1.0,-0.2588996344286305,6.528420591736775
-0.1443331509820862,0.30529523053962015,-1.0,-2.766944215401061
-0.265929736301842,0.3376130847027541,0.30682983210688364,-0.3166411110102103
0.3277266702544006,0.6989921399193371,0.3440988895490418,1.5078110708865993
-0.4129588048004047,1.0,1.0,16.387288050231255
0.6981754569150904,1.0,0.34996137402883787,7.039778778218714
1.0,-0.02246901026840531,-0.07275248698698045,4.002135372009212
-0.8711226561222141,-0.5000626237670334,0.6663972181876894,2.929427606194484
0.2064209273229265,1.0,0.05621577846491088,7.683549583343554
1.0,-0.057258508339874226,-0.44232978572213,5.547193114100095
-0.18132177568442764,-0.28741558015094926,1.0,-0.677052527441173
-0.7264350396823998,-0.4636031444133435,-0.13170350957800547,1.381318308952265
-0.35230884182197175,1.0,-0.9111070687065166,4.273857157052113
0.11479170453961385,1.0,1.0,11.315861440236677
0.07898143838839289,-1.0,-0.7491612985224421,-4.887913156579269
-0.2825778773562895,-0.568707564659338,0.0075646100617206,0.4581450478839295
-0.09750863509639629,-0.5141495540317416,-0.42973078842965906,0.3196532972795204
1.0,1.0,1.0,25.85800206772137
-0.1044493013218104,0.5503294407748016,-0.7817727017736698,-0.3766607706026703
-0.7134845783378889,0.12795097700463764,0.8195048734684669,-0.787065146860275
1.0,0.5673467451845322,0.7001899871592328,12.638148634557758
-0.48435888129319693,0.12278961094426588,0.34507861328002587,-0.7943220269530356
-1.0,-1.0,0.6587237982868008,15.281490605687095
0.7716934038532108,0.7109338265960172,-0.10936818846623164,2.709312226661578
-0.989606560348899,0.016267711589244893,-0.26209187342445595,-3.014652532342904
-0.9669850785023906,1.0,-0.11472639580493715,7.771993655448387
1.0,-0.8439828399688871,0.0746531242760049,-0.534144395976394
0.003222549615604642,1.0,1.0,12.347371061730371
-0.8383529840399981,-1.0,-0.050474835239206595,6.198080626858212
1.0,-0.7204406602620668,-0.2121667619623009,2.1891383434919396
0.418876584314424,1.0,-1.0,6.759556401976234
1.0,0.3066377792630606,-0.22898161118224558,5.131650592606797
1.0,-0.21083343115360464,0.5037770941199733,5.709443301062497
1.0,-0.009760318817442881,0.7922960708084741,8.891386321667166
1.0,0.05988194150613424,-0.9417824347135442,8.203883392528336
0.34485735249991123,0.5540812153905674,0.48621959277020865,1.4606736566569598
-0.1908676521984891,-0.7221779025158896,-0.7279990903962812,-0.3880427768143421
-0.6345706763736376,0.04927964394230533,0.16343351235026593,-0.967347545975393
-1.0,-0.12422605595021374,-0.03929778234131054,-4.035546488868467
0.4163982986800805,-1.0,-0.1178599705824146,0.09228014469175311
-0.5117799661532187,0.8897620838899638,1.0,11.161573600515897
-0.07549269848415996,0.9631040648021083,0.1450899278672384,5.766169822762166
0.6318136178774605,-1.0,-0.45855037958839695,-3.507840547314159
0.09903719256650323,0.3631526862611161,0.06035123831006839,0.5783503835915783
-1.0,1.0,-0.8757525395804318,16.199016975100992
1.0,1.0,0.6530603955473719,15.383738637980304
0.12050535159730291,-0.01900291389915454,-1.0,-3.2778300994652034
0.12255904529802941,0.807357627959475,-0.9951609543692792,-2.6353098830283512
-0.4331800890373336,-0.1537589831553383,-0.6704381284298335,0.5767822975304118
-0.589824972551299,-0.6138401297481604,0.025182109680920828,1.3684025705171432
1.0,0.8576794777923005,-0.13363883927307874,9.189796971711525
-0.7023070341176558,-0.3810418329576484,-0.8485382813772127,1.7968664647828918
-1.0,-1.0,0.4528570649345185,11.771173586143915
-1.0,-0.12713819822608152,-1.0,9.159069478314743
-0.4242297388841525,0.12899663442413734,0.6714147187669781,-0.19530204656777772
0.6309189795812793,-0.7392964183336026,1.0,-4.6818638006455195
-0.7869018820811646,-0.5956403581851308,-1.0,1.603321117544213
0.15170768614377783,-0.8657991684513378,0.08400804255426553,2.3977249254260755
0.7530126503901828,-1.0,0.30537376312035636,-2.5295480093402034
-0.3679422699445509,-0.8768994704527029,0.8957355626521042,-1.3380305284042473
0.9813796133009938,0.03522309602168905,0.9602363764710253,10.35114886229239
1.0,-0.45731363194148256,0.12179099688851247,3.618185637817871
0.3434315128155505,-0.01670678691240246,-0.9430433788354424,-2.0370857582105835
0.026640893358029327,-0.9138123440395687,-1.0,-13.227549917594617
-0.29557499719661795,-0.2909491087338034,0.5977545436037723,0.18211585299556485
0.16328035916974004,0.3686447430972415,-0.9208587260680849,-0.9952925875974907
-0.8099579919483677,1.0,1.0,15.669030559366755
1.0,-0.7526352606601547,-1.0,-4.728141351207491
0.5564431471827622,-0.1685850852360471,1.0,-0.8983087481818428
0.08440405918997773,0.3015296105433678,-1.0,-3.3143184037303524
0.7863104770721692,0.4894767364370227,-0.1108618570217832,1.6948801095284707
0.38842880631701515,0.8718760915951664,0.11840325237607852,4.010727159661068
-0.07180053756305216,0.10019170101148411,0.6915310847061407,0.7853582801287178
-0.9126525286206904,0.8829789090483167,0.927712872434407,7.1493634810412585
1.0,0.0682337669565154,0.19312031739908453,4.948159289289845
-0.15936077644972935,-0.9557850065954232,-1.0,-13.438607222849111
-0.18144938823942747,-0.30721201280742716,-0.5264299723517736,0.0691485850286897
-0.5957447010920118,0.6399858397128644,0.1721544569673501,-1.9469399821294011
1.0,0.7961044205745824,-1.0,19.585755758492205
-0.546059965378302,0.7404465914400065,1.0,8.447394176783229
-0.7620938439156635,-0.23954379801542403,0.6812668764512835,0.18096320304287308
0.07965838451606944,-1.0,-1.0,-18.27010120514487
0.7698549541221313,0.34655658755470276,0.8656364738353242,5.747405073967184
0.09937481351237443,-0.44933350340576883,0.6511302452629448,0.13901138593778523
0.5498159046376028,-0.9220806883578871,1.0,-5.496504456792321
-0.7601539300458859,-0.41269823124379945,-0.14429604325979128,0.6419453561119656
-1.0,1.0,0.7699101167097631,2.9364724800079935
-0.19371633944706468,-0.12254960346522425,0.005603092525202857,0.18566130262876607
-1.0,1.0,1.0,17.338111980331657
-0.0996410094267215,-1.0,-0.7318093955889238,-4.869872912188008
-1.0,-0.9853979426620001,-0.18994606350263243,6.072537499123614
1.0,-1.0,0.9144241389352619,-7.305710144103073
0.2552985867430311,-1.0,0.6098258525402669,-0.3103752007259836
1.0,-0.6168736919204683,1.0,2.8730491579884587
0.6880753108558235,0.61625074062332,1.0,7.70616357547546
1.0,-0.636411174668269,1.0,3.1949613396730445
-1.0,0.246386228799788,0.6925645157095814,-3.7546745713518628
0.5393696051925085,0.022741782066670213,0.20003893563387942,1.3344606530829437
-0.02074459035015952,-0.9845287137602186,0.7796556776952543,-1.3828230810183302
0.0003597647854556296,-1.0,1.0,-6.879460804875077
0.07733668805102023,0.9276685983440778,0.5768489406896959,5.350532225281375
0.36896904151202725,-0.8454929443442827,-0.7515223693763109,-2.7215169473318523
0.3692229463549632,-1.0,0.7686907662694924,-2.0035830303539317
0.12122492645499916,-1.0,0.7918054593418236,-1.130813752964473
-0.5962575930574119,0.2286562431861121,-0.07659731551496063,-1.8097777273116693
-0.23819541712844816,0.22695829344559026,-0.8124495871112098,-0.5851055762441348
-0.3089595596886192,0.29200382212171605,0.7172904595048857,0.07717348945376104
0.673009671856539,1.0,-1.0,10.79112149925375
0.46870867895563895,1.0,0.2733649905974478,6.8568018817809735
-0.009662655691284883,1.0,-0.968319543770459,4.049962483421258
0.13544181784482778,0.33676200328108297,1.0,1.6298009287987627
-0.20469122807513007,-0.17007725677085572,0.7443938304124482,0.1689414179474363
0.4116657827757484,-0.13140324147246574,0.8565584225637848,-0.5082549300275135
-0.9914306447917389,1.0,-1.0,19.678556936066176
1.0,0.39135913575010917,0.9128256086263544,16.789677761635673
0.1096348786372976,0.028070706125302047,-1.0,-3.02322404969639
0.2857432560645192,-1.0,0.6444281232016353,-0.18615763147267006
-0.4746213389968852,0.5598557174830179,0.6628431421868786,-0.4473652459741461
1.0,0.07566036500706641,0.21515895138738106,5.243694973034038
0.925300490336854,-0.06539916039095206,-1.0,3.49070907388952
-0.20526436961198735,-0.34506678118682776,-0.4413764198594141,0.9995711740428763
-0.062190002543832223,-0.1263288867077017,-0.9992346632140288,-3.145894475127448
0.5329380258412291,0.5090927652727149,0.3555552523848293,1.2323358386315288
-0.9753162821043104,1.0,-0.6831249044602512,11.732762046191123
0.6701605009762652,-1.0,-0.7466767807152646,-9.367068640224527
-0.6305643578750746,1.0,0.910671820796852,11.252860904303061
-0.1781417657764155,0.48282165322322057,0.06417751422775231,-0.6347833828323656
-0.6723573549390398,0.7971766317443074,0.7164666426125665,1.0382064377772406
1.0,0.18950383057018194,0.14894457047949028,5.452110362946158
-0.8810334304091836,1.0,-0.727389606480815,5.514032329025206
-0.011174825981435488,0.9695853713775471,1.0,11.455512232966067
1.0,-0.09297547607959333,-0.1105305652706916,4.206305200508743
0.07957494234742768,1.0,1.0,11.96363836185054
-0.47565598065420556,1.0,0.35335858541090337,5.318277071404124
0.5657839524316675,0.2548742154695116,-0.22524347213818086,0.7457206786891348
0.17143089587134197,1.0,1.0,11.146411013286208
1.0,-0.7165732676095633,-0.316009575225082,2.873047810472573
0.48354173813570545,0.5521756294724642,1.0,4.1563217504474785
-0.5290774790176056,0.3439409273962615,0.2846653646371813,-1.1315449618910962
-1.0,1.0,-0.8040837281811042,14.202545816929236
0.4237661567408213,0.40203337438009257,0.8784720203705145,1.1094359512571892
-1.0,-0.21326449377878842,-0.09615113112933416,-4.205220785808425
0.06407330527809085,0.3365016832183485,0.45770645296373025,0.6594964363652523
0.06907664582956508,0.28081733932219555,0.12086176884764921,0.9342094953466653
-0.1253559796739474,0.6362942495387087,0.6842015657364682,0.8326646763434998
-0.19599784223847383,-0.3788253644180457,0.02312911019219821,0.8516884711744451
-1.0,-1.0,0.49835509892896757,13.361148583283866
1.0,-0.16618938127610372,-0.09653331339365945,4.232236593018679
-1.0,-0.04744858589469758,-0.2760691628036587,-3.83725302206669
0.5582754624067348,0.05473037211658971,-0.2640302134239181,0.98289875769492
-1.0,0.2294988264882687,1.0,4.041609739245867
-0.625161403686614,0.9557067202105167,0.6968511773148682,4.651520130802655
0.9865596635950871,1.0,-0.05207635819898626,14.049517979157509
1.0,0.10710487858654938,-0.2036624065159911,4.041468125817317
0.5514132664193261,-1.0,-0.0596389752593911,0.32745877760381414
0.4012461420044877,-0.8253418439635372,-0.9951680291063127,-12.315602535690374
-0.47603155569933664,-0.5235218535565329,-0.17110170246830458,0.369106383789797
-0.6761382736908117,0.23980722645391284,0.39634814678190877,-1.3221325986218853
1.0,-0.49412837008193544,-0.264138034562291,3.871843207747822
0.3688792191701,0.5984061714878874,-0.2746930699995127,0.2871522511950525
0.1421641732252672,0.013482553065203406,-0.21526011193894656,1.4764592857428729
0.26723478191974626,-1.0,0.8777056634823537,-3.5067630000993635
0.42792900691065583,0.20882750711232423,0.3352446956920714,1.4687547449560183
-0.08606312937833249,-0.4312106271616112,1.0,-0.97333427115529
-0.625381103077016,-1.0,-1.0,-9.534771047047316
0.05462735447535061,0.5155888076870674,0.055544498623451455,0.15644807779274655
0.48679317264282096,0.7025494673215713,-0.0671694557394038,2.0943306273708218
0.3535655101499078,-0.28425061167086585,-0.4846485131189795,1.4521639996069073
-1.0,0.6038429566323584,-0.9254056472678869,14.022771019261267
-0.3483752274695291,-1.0,-0.25054760680012667,2.667867901829503
0.002742916134375939,0.3465845883372074,-0.6497382069555804,0.3247829223576399
-0.4687602881537065,0.1065546731240068,-1.0,-0.8750073137876752
-0.7533491863661028,-0.18373168592941003,-0.7967151001610782,0.8243339181621666
-0.2205386544197423,1.0,-0.27433582006207646,8.686305155094365
0.5963082712803658,0.05234616075628362,-0.21440325821361372,1.752250125298833
0.6234337542849582,-1.0,-1.0,-24.619103822396784
0.16435502666229862,-0.3893299293888246,-1.0,-5.03995052221888
-0.5869243553746251,-0.6895356823390795,1.0,1.8953697978055644
0.46662993464026736,-0.23240204489817007,0.3570000426514781,1.5328315983717573
0.5588185947784718,-0.6975529513322936,-0.8998454061256485,-4.511093816468333
-1.0,-0.057132288721382096,1.0,3.236873262050336
0.10216153817305784,0.03430894826339226,-1.0,-3.3414535137299515
0.959294062813058,-0.09284020238070245,-0.6837569362645515,4.292827281148234
-0.9331859453477409,-1.0,0.9590315669619083,15.833888641255523
1.0,-1.0,-0.7573378366637455,-15.829374272696343
-1.0,1.0,-0.2822283199921063,10.491143313311651
0.19557275755990267,1.0,-0.7205991206116478,10.431157724534351
0.5682364834307829,-0.24593559393533115,-0.7427986313158381,0.42071210626584143
0.51226867372824,-0.31300793142645733,1.0,-2.750506356618537
-1.0,0.6907147774424351,0.7859419608245017,-1.5599705310739544
-1.0,0.628762017739458,1.0,7.449772542207956
-0.34933118654492534,-1.0,-0.505914613550174,2.0941251200761335
-0.6453643557167381,0.0812214972006986,0.07891324689868817,-1.2435025426141644
0.7023393983440693,0.7771563311622078,1.0,9.409796444710315
-0.10458770141580209,0.44520691096110143,0.4616915640823902,0.5369305531913919
0.5317270431803289,-0.2555671987889536,0.018273658936565296,1.4701131430624528
-1.0,0.975093844024628,0.0697696064889084,5.739613031618177
0.2014638563600184,1.0,0.41859858251672755,7.868516097430758
-1.0,0.26649528374264,-0.023338089294163478,-5.1861970186238615
0.347685052184717,0.9793899193180851,-0.030629583518957837,7.204360863752975
-0.9166948407081732,-1.0,-0.8721258065425654,1.9763093538466534
-0.03948429622269578,1.0,0.6467240780141124,8.47993514572082
-0.023959010370422362,0.8077624501689529,-0.1299802158411001,2.054345439483449
-0.27216712487424743,0.39057329049497835,0.49945365929573926,0.005405925724214389
-0.6580098266506611,0.6227671320789208,-0.9340778411739683,-0.8260783238660283
-0.08940807088200553,-1.0,-0.26918066621212877,3.0601047533419696
0.01764474342644662,-0.7110158395940938,-0.2874187927165692,2.1143274100684994
-0.6532299272347106,-0.9341413615569785,-0.2029861805679003,3.8357633515176803
0.4216108011077304,-1.0,0.3550530397483289,-0.0600547055767055
0.8595094383143942,0.6743405754015828,-1.0,5.531471218475461
0.669344630620037,-1.0,0.8206234232823875,-3.409328625703086
0.33348977494670495,0.7132473325111339,-0.6159962038276245,1.10111775729513
1.0,-0.9834975392087661,0.0695099761923268,-6.7429675211581666
-0.09781861261892533,1.0,1.0,13.678113070242267
-1.0,0.14851827830177577,-0.4878293443019186,-0.7042015579314991
0.7516141867780697,1.0,0.8117231427928286,10.627849588899545
-0.38523154787491976,-0.6708553973729485,0.05371013669842073,0.8424741161612574
-0.8642243893881036,0.8313583315192745,0.28217879894223796,-2.023470928515166
-0.43558651354645095,-0.5990689915787222,-1.0,-3.7345371730192087
0.9087901290762739,-0.495799591119896,-1.0,-3.223581324911082
0.10548625835806669,-0.27181860737273844,-0.9095505617949158,-1.6180282605919858
1.0,0.28590493155765406,-0.6117349922812978,5.737326312759768
-0.23028279664695694,1.0,-0.10376625218946,7.987656163893762
0.07587876016388373,-0.27744860646102576,0.12507413113561516,1.1913970518504409
-0.7023611881452334,-1.0,-0.5125737290414707,2.7567725953594033
0.09510332479319761,0.2721580275112274,0.8416162789508312,0.5956859065167281
1.0,0.20459953373348783,-0.6162465135359663,5.077625871066758
-0.3769817214595348,-1.0,-0.8207738416671686,-6.297285269162913
0.6036426379911415,-0.4621538540696384,0.7258674388821929,0.3561671187686068
0.6515794742729102,-0.7733910656476914,0.12995348703631704,0.8747728907510663
-0.05128311748268488,0.9233973956517518,-0.10067901387013056,3.9153647923934445
0.9274651961275051,-1.0,1.0,-8.34815370087356
0.5562807215227012,0.23039302250957094,-0.042527601272105864,2.0331183865496736
0.3166473094703337,-0.31574168422556403,1.0,-2.5340235855529705
0.09271211976352456,1.0,-1.0,4.506816980904507
-0.7628386519392631,-1.0,0.03819889219289485,5.970760667983093
1.0,-0.17748483884033117,-0.3653965117097522,4.930430348323083
0.5139235569178269,1.0,-0.7785183183027422,11.855373170734815
-0.5014135077617103,0.10422010011550031,-0.9526207561481483,-0.6450697036058402
1.0,-0.18604002974784217,-0.18992569667305603,4.036157171501644
1.0,1.0,0.3807981327616059,13.53138078741776
-0.21381167465418072,0.18978263926232541,-0.38961483580108225,-0.07605010113258362
1.0,-0.6644184628853154,1.0,2.982247214630022
-1.0,-1.0,0.6774494511397395,14.43491820334043
0.5872996184339285,0.8697569385269031,-0.45451908387865747,3.957434883667662
0.4237704209571298,-1.0,-1.0,-20.392995258391444
-0.6046436363381356,-1.0,-0.1874130647651604,4.072736684402349
0.8393090847988423,-1.0,0.23187685851644546,-4.191800671742848
0.5491789119307375,-0.35014195509164625,-0.16114429826687182,1.3352194223763765
1.0,0.35981631605062625,-0.4908162440550554,5.191072864907415
-0.9316161104156746,0.11831494056092118,-0.5643533273508188,-1.136793071632293
-1.0,0.7352824379638601,-0.6283590987076597,5.3233461130837165
0.5848670279404384,-0.34935210114195114,0.04537998242159236,1.02481602592837
-0.47412012661332104,0.5127295389838438,0.3337935842555133,-1.4628427565658721
-0.40192530158600115,0.8397598019048622,-0.05158660752645372,1.6740712791566292
1.0,-0.08837875733094358,-0.5877422254048321,5.656948103336526
0.33142859678934067,-0.9548101991132725,0.790180405906235,-0.9811249382423138
-0.5988260088689221,-0.9659209547097705,-0.4160283772157356,2.313739465387769
0.4975616426590097,-0.17458694172056766,-0.262504611521051,1.4780636715056548
1.0,1.0,-0.1970494480011955,15.710970061239955
0.20887214853343883,-0.8089899488607217,0.7469714582477616,-0.6381002861455791
-1.0,-1.0,-0.39289782240205606,6.495475622759158
-0.35363887391643,-1.0,-1.0,-13.236006719781317
-0.36751291681136067,-1.0,-0.37815571036616236,2.0580226778178576
0.590019122131336,-0.248233102145488,-0.08304182247252112,1.8380383608317674
0.17458847890124995,0.064865732270881,0.7599477770431409,0.3362018703146261
0.8329098144276232,1.0,-0.1670253335276497,10.751990388957854
0.28043983168504827,-0.3140891517086457,-0.0060238312184086595,1.1276943129617436
0.19479037836454594,1.0,1.0,10.353822788543836
-0.17423721288705707,0.36700227292746224,-0.030306454373246527,0.3711096042719919
-0.5201923475660983,-0.6676692191212208,0.4806396236033179,1.7456961244547236
0.12222251685208296,-1.0,0.9009307271414233,-4.324090178392537
1.0,-0.6505811947197051,0.032726666177272934,2.798446239654991
0.31001103026387833,1.0,0.2905008725419811,7.181718773191232
-0.736985034280454,0.17998449634457492,0.9580250459057509,1.2458482529362704
1.0,0.6835318658437286,-0.8522417656803505,10.676656273884507
-1.0,-0.13676132196325375,0.3142647187082326,-2.704821131429946
0.9650767580742938,-0.8530524022814585,1.0,-3.0306999026734553
0.26947125916706516,0.900621276252227,0.6477624118972776,5.564615431058159
0.8282715092697164,0.9965225721673643,0.12232807496467202,8.935065768135665
0.2966652238175942,-1.0,-0.3529904711375902,0.5009171779263316
-0.580182117582791,-0.2590009157612778,-0.9000260940103426,0.6661106709593252
0.699848247822118,0.3227015521638732,1.0,4.190514729512014
0.5760970988221026,-0.30980410014137116,0.5761055424055612,0.811368010937628
-0.22833382985689687,-0.4376201877543391,-1.0,-4.154844104769423
0.8128868571336252,0.10663559052023008,0.27898095318563243,3.667438211133492
0.5949286079387535,0.046165368921952776,0.6995477120533788,2.0753205274777
0.5395745544683761,-0.08883274092062421,0.14294628601255654,1.318374278007756
0.3297343015563512,-0.21697543451024504,-0.03384903290090113,1.6384446622730884
0.1872219130600672,-0.43376947768980423,-0.8945087716379683,-2.7155517025058384
0.5460635841052965,0.42154942835388143,0.40418111330140594,2.20239938029413
-1.0,-0.27098462265326684,0.22704565652120579,-3.2420540839401304
0.047571164098526575,-0.4192748740169543,-0.7857246276891061,0.06120604390038625
-1.0,0.10071081107361879,1.0,3.3780605736723817
0.12630473903911899,-1.0,-0.8227651406276788,-8.591126414018825
-0.6336359289942235,-1.0,0.31992510763936455,5.397279835339108
-0.8444442627415876,-0.5639978348564401,-1.0,2.99087829501535
0.4335484580945743,0.6944225569848985,0.2083761694854278,1.9491597459661982
1.0,-0.8811672383606144,-0.7310238038104084,-3.0748241025291367
0.27296368796892256,-0.215110676958141,1.0,-1.418161041060748
0.7062400026055418,0.6474642919885385,-0.7800366478480758,1.88674820577132
1.0,0.28659739066228496,0.3061821762468129,7.156366179329812
0.7440417069964398,0.5965504905981023,1.0,10.003871094224898
0.07226776055328399,0.6681709306054617,-0.1405191727686379,0.7246594478366508
-0.34206383541347507,-0.5302419209038514,-1.0,-5.809334489349775
0.4353818305204622,0.9923699439963258,-0.2313121767677233,9.086307149093974
-0.7615613134286965,-0.08910292766431449,-0.0010421271951728261,-1.343952938823575
0.8084056919517337,1.0,-0.01678466356154895,9.510073312179005
-0.40853393363068946,0.298180956748789,0.041977525581178954,-1.1494328490488046
-0.9834297815688979,0.30445716699379455,1.0,3.4086177767201224
1.0,0.13430425347600905,0.0492327680959459,4.778176402588545
-1.0,-0.05985474413178293,-0.1151682530737208,-3.8843021823768544
-1.0,-0.8880890923817342,-0.2581053167573686,4.80961409353087
-0.28951255924271035,0.16328529163711836,0.6868749869179767,-0.031059943408306367
0.23340300265397995,0.24737244270325776,-0.6433157822609552,0.24236075424904258
1.0,-0.02393324974827138,-0.5347154532845011,4.784637852529015
-0.4554060795714303,0.2796896931936663,-0.5104461497306443,-1.2459018646541065
1.0,0.820182356421979,1.0,26.73117100390241
0.8650978105214147,-0.3401930619998743,0.5802049756086929,3.3559021434858294
-0.8630278055397527,0.24580824970608828,1.0,3.987581353399716
-0.16545516186365306,0.7206013394126534,1.0,6.081466112017681
-0.20836872236384907,-0.36607193578547936,0.991221199036957,-0.45780401410369465
0.6050692948300367,0.8401349087827881,0.3551944133213629,2.8624737747375675
1.0,-0.5347102069036296,-0.06464116888850802,4.036583062522061
-0.8324878492726537,-0.5228138278067631,0.735269587645853,2.6814833598889147
-1.0,-1.0,1.0,21.927524054825955
-0.5677474136669081,-0.33258798447997373,-0.6767708805885448,0.8761637851948307
1.0,-1.0,-1.0,-29.98916251748932
-0.7372270045354832,0.04442343364597212,-1.0,3.3559174671080205
-0.481654451046722,-1.0,-0.7482055369474869,-3.3903413708718704
-1.0,0.5389374012501436,1.0,5.956298882148371
0.24193655889674792,0.9152422027015772,-0.9861066038517998,0.8570500101261544
-0.9733959153056069,-0.047940875182133524,-0.40519343273660735,-2.266382937177715
0.26573219094236467,-1.0,1.0,-7.845195284979589
0.09232050623751942,-1.0,0.27942754085161603,0.67560950131347
-0.6217889223512179,1.0,1.0,16.05088016094466
-0.7025165411096979,1.0,-0.882604948889206,1.9654984445972996
0.24592331517896104,-1.0,1.0,-7.040045889068218
-0.08558910835695355,0.3795997892057916,0.1666006528055619,0.22346731085625227
-0.5377078604577401,-0.5043961918924704,0.07679693617603589,1.04618267791173
-0.5832440065623239,-0.6984671624913596,0.15063032028432155,1.2516976398326978
-0.4173850958976473,0.10690076669707027,-0.5417791905822493,0.22702140909377277
0.4279256865802905,0.022501980084914885,-0.129014612763662,1.0105079157862709
0.6600163163523536,-0.10267302733117623,-1.0,-2.879696817165068
1.0,-0.22358068112466167,1.0,8.128504695125521
-0.42431753058927324,-0.19962339775412663,0.6583684922737978,0.8797672914788688
0.8258911291508406,0.1986892809736711,-1.0,1.162294847540398
-1.0,0.10722151954295556,-1.0,13.072560984469597
-1.0,-0.08647980412250478,-0.2815643105377217,-3.4706880391344703
0.3084899523185882,1.0,0.008223434251590112,8.10282316654627
-0.8394420652470027,0.051208275850659346,0.47428734914366366,-2.144480196271334
-1.0,-0.32300486228215863,-0.2909609953382255,-3.7083725614947394
-1.0,-0.4174871673099847,1.0,6.9329550418359105
-1.0,1.0,-0.04218661009029945,8.664667130680012
1.0,-0.3672724731682433,-0.45318673148238275,4.349403180763064
0.7816935390945832,0.027765884993776746,1.0,3.325779319401293
1.0,-0.029467706795474946,0.7210360864111212,7.816541958443098
-0.18083403822688826,1.0,-0.6839638305273519,8.419761811913135
-1.0,-0.06186270148916151,0.9833226320327246,2.327769326302277
0.5811321163140346,-0.33964803546846856,-0.8459751053559277,-0.2473348899461699
1.0,-0.3392869189483281,0.9396858505126133,7.104377956707268
1.0,-0.15462391338826387,-0.37436387554778805,4.937693418599085
1.0,0.8825618334191929,0.13559467362950994,9.890069236266136
-1.0,-0.397165785038748,-1.0,5.999443890472716
0.2147504613295661,1.0,-0.4236538437237527,9.949006814081699
0.07570179164132673,-0.7956574749870944,-0.7849686214310558,-2.8458993287749728
-1.0,-0.31107526237259653,-0.24198902689743473,-2.7365325335287833
0.7508565720846336,0.9530563940204857,-1.0,10.144838072693567
-0.2087435402540223,0.6683086906469415,-0.16253987013422067,-0.07154317266326488
-1.0,-1.0,0.34548635286249696,10.343030584009718
0.980510789606857,-1.0,-1.0,-29.852745346031043
0.10783305134699006,-0.996498968699947,-0.7763307121524923,-6.835812147704261
-0.9412698762334684,-1.0,1.0,16.251535303117443
0.44797992762327365,0.9691703475870557,0.35300152328026635,6.406904615104193
-0.7771270914164923,-0.8082923403252027,0.7208572141152476,5.142871509310526
0.11546079711216861,0.19129824310983534,0.5462083303431293,0.05905425804144926
-0.5135873006789773,-0.6412819387184325,1.0,1.062754864482499
-0.22467646505100802,-0.7119677712858565,0.9856727250326018,-1.4982974258760229
0.02252763259610413,-1.0,0.914183966785822,-4.1648854411928715
0.7287136980947098,0.16760734763417107,-0.5543060351334301,1.3499933249262006
0.990216387533196,-0.5588512272870356,-0.27481535498784004,2.858968634161502
-1.0,1.0,-0.6721268918316647,12.56106188874875
-0.7223667737924135,-0.24758815191026096,0.3076857671648461,0.03011562273071855
-1.0,-0.9833927576784269,1.0,21.25255792207479
1.0,-0.5457633377497468,-1.0,1.058012740302095
-0.881751183790499,0.23252526989716182,-0.885946482578297,3.377925701111601
0.9299316490203844,0.4188757558004199,0.3248532858867934,5.905396227632259
-0.5330924082889987,0.7214373628606114,-1.0,-2.920976139797303
-0.0616956139535032,-0.05804101311477239,-0.021036409517602772,1.1766567509879273
1.0,1.0,1.0,26.36808327501089
-0.4159310042008175,-1.0,0.07918884643363056,3.436056135710383
1.0,1.0,-0.31349008872458284,17.380822895306334
0.11110840752448414,0.6259574392552862,0.6711235443759183,1.6333241651887378
-1.0,0.6552360745014474,-0.07970675041587771,-0.8160778949572952
-0.00224474770655414,1.0,0.18291038929102066,7.119040785885684
0.854143854997564,-0.03841890702365869,-0.6220690009002761,3.0727869496978277
-0.4854322786399561,-0.5397773455231936,0.34182753772251107,0.8757392322768961
1.0,-0.7790553522769041,-0.43447824182754125,1.4523268965194016
0.25837497501994333,1.0,-0.8689399012635786,9.911424017002629
0.6409100662095035,-0.12204812884056015,-0.06631701816687285,1.0282066744790415
0.38275292829741225,-1.0,-1.0,-21.293569052618356
1.0,0.11555376354277125,0.5863561813830915,8.364703161066025
-1.0,0.11944577876217455,0.24492842390442338,-5.120264019484119
-1.0,-1.0,0.2731784885478594,10.069166529184823
1.0,-0.1541904999748147,-0.6056050017567995,5.777548777317506
0.07408932331932183,0.043194727484876516,-1.0,-3.112074497356194
1.0,-0.7266154955815647,0.021452951954683552,1.407804937295409
0.74706300559207,-1.0,-0.07766338831813857,-2.5476645062226995
0.23984635938861731,-0.08371162161779644,-0.2468746734119045,0.5593291259644738
0.6887615107993899,0.8644766609988819,-0.5537262614634633,5.101781486503782
1.0,-0.9767257117098465,0.8730295210304022,-5.846595115385704
0.7706159153581373,0.9726743231453716,0.41392072914542055,7.325350161848333
-0.22414353648799534,-0.24952535248871355,-0.6797617001318252,0.0008599716623378106
-0.41002641188182576,0.13692630733194688,-0.36337899847286015,-0.4408227122365609
-0.11953709091358888,0.5538607006668967,0.44939375199914333,0.34528899367309596
-1.0,1.0,0.13716323426425436,6.271488122634294
-0.10727100431434966,1.0,-0.11393669227982994,9.098795223090837
1.0,0.21843841431804067,0.7925935730393063,10.625188114990795
0.024177540944822162,0.5046621173606387,0.35179780784154757,0.5683657449653411
-0.3565327099448379,0.11280768590396684,-1.0,-2.4216659808302987
-1.0,-1.0,-1.0,3.2997853068765615
0.8865824636694708,-0.7087890753070547,-0.5237837272362122,0.4122204587173012
-1.0,1.0,1.0,17.30594117463363
0.14041057124186085,-0.12329772012195694,-0.5738734234609386,1.254618129556773
-1.0,1.0,0.262949385404611,3.8835878031858218
-1.0,0.7771838159768194,0.011206032316930292,0.3508236146339254
-0.6651234533938206,-1.0,-1.0,-9.038011528949745
-0.5268219726571686,-0.6738266201910159,0.1904699368732552,2.0809761915840914
0.9939789705086997,-0.45084894580588,1.0,4.734744559636383
0.06306462633429222,0.7249576372188493,0.9785226592860012,5.641593154388068
-1.0,1.0,-0.2996380241847967,10.746131140782898
0.917567714821006,-0.6961871799998685,-0.32835461115719,1.6167902517309303
-0.647464737768271,1.0,0.49177264255367903,4.734406760606822
0.39371027530901404,1.0,-1.0,5.649583616883583
-0.836131121821232,1.0,0.180106945683576,3.3280476196223248
0.66207991484033,1.0,0.7661567351950522,9.176448395529777
-1.0,-0.7546662389900185,-0.00047882974754775987,2.712660070487019
0.03397545882337827,-0.9065968941902243,-1.0,-12.103362291582481
-0.6132949427759888,1.0,0.20195949490017417,5.249922328649944
-0.2959774557341772,0.13602870920321597,-0.9266383304988066,-1.6061389655627312
-1.0,0.09481198236819299,0.1588932786081978,-5.113552001834157
0.3833986548380628,-0.34241145676664053,-0.542336281280247,1.1548718142973824
0.16492734598828585,-0.4561429696161232,-0.6178910982620782,0.425685985554976
-0.3977205856939914,0.9318141037197423,-0.046604138633783876,4.193929616158281
-0.3284776399694407,0.8320920831091538,-0.6972547088501215,0.421304910421509
-0.08987931936458793,1.0,-0.27898283172450955,8.658035997627504
1.0,0.09832139240337279,0.4623470874899025,7.149734277449517
0.0036416174776139343,-0.918077828852434,0.18953304484371003,2.0695106113476136
-0.15526767296987787,-0.10935634698665297,-0.5975727759216409,0.898941106597734
0.7255148604159662,0.1745010935303677,0.23248600423789356,2.8733944033649497
-1.0,-0.45681029769474657,-0.4456262038207566,-1.0068723713602292
0.169185976690293,1.0,0.3613086341106049,7.065975368792003
-1.0,-0.27287509560870116,0.8435538473502047,0.9606288921718379
0.01776426191078606,1.0,-1.0,3.396049580128156
0.48392847060066435,0.7222591870788329,0.5020049464482055,2.5883973422334337
-0.2955226405870157,-0.22783956752599943,0.6137899715363115,0.2008257113963799
-0.05364309624264152,1.0,0.4615489403225721,7.700836384642948
-0.8129156522585188,1.0,-0.3378641364134778,5.052696458006856
0.09451247176509558,0.43629634056417466,-1.0,-2.9954768372060476
-0.26698951679651794,0.7647888513796912,-0.09957716273103889,0.21138730341026735
0.08623746791568587,0.2186225910012327,1.0,0.728316005862676
1.0,-0.47575229375321215,0.3523440140025509,3.964901998081441
0.5279263347914036,-0.9845650564872417,-1.0,-20.62120227434521
0.2935011661883844,-0.14995699491981207,1.0,-2.1626719239645795
-0.06557320544616263,0.5839674433441759,1.0,4.743682466832339
-0.720638831369184,0.10126562799470373,-0.5482909658297477,0.15121250366254962
-1.0,0.7285547316371117,0.36066358354215367,-2.8695619265825107
-0.29781633141905584,-0.42084218333364043,-0.13597687856736296,0.6242665066459442
