variant,features,degree,terms,alpha,regression,solver,cv_mse,cv_std,fold_1_mse,fold_2_mse,fold_3_mse,fold_4_mse,fold_5_mse
1,"x1,x2,x3,x4,x5,x6",5,461,0.01,Lasso,default,0.35631850244051144,0.042444385883317684,0.3511241623969086,0.3141149297550645,0.42748757790191094,0.31400320403407145,0.37486263811460174
1,"x1,x2,x3,x4,x5,x6",6,923,0.01,Lasso,default,0.37092298019602704,0.03031316069786705,0.3787087406058152,0.3435652331810782,0.4224660661323294,0.33736459828117044,0.37251026277974214
1,"x1,x2,x3,x4,x5,x6",5,461,0.003,Lasso,default,0.3996839743107924,0.047930230104315706,0.3913618064021421,0.3671230621458898,0.4932319512059453,0.362886258350569,0.3838167934494156
1,"x1,x2,x3,x4,x5,x6",5,461,0.03,Lasso,default,0.4267090193597798,0.04594282327340998,0.40918242469181687,0.36014865935541757,0.5015590275362632,0.4220790415808969,0.44057594363450453
1,"x1,x2,x3,x4,x5,x6",6,923,0.03,Lasso,default,0.42854794680290204,0.036536101254476414,0.4239908096177012,0.37132041050232845,0.4865398731095695,0.4324960369528382,0.4283926038320727
1,"x1,x2,x3,x4,x5,x6",6,923,0.003,Lasso,default,0.443162785878447,0.028265826990444293,0.45896155081796497,0.46923290535528295,0.4665036374024063,0.4246039599406881,0.3965118758758923
1,"x1,x2,x3,x4,x5,x6",5,461,0.001,Lasso,default,0.5602981287151386,0.056623915577798944,0.5275308561319783,0.5753045056536916,0.6433006740853685,0.5811319323144633,0.4742226753901916
1,"x1,x2,x3,x4,x5,x6",5,461,10.0,Ridge,svd,0.5782792589017177,0.1014198800886627,0.6044446445630944,0.514745037650747,0.764507901608116,0.48207773094911577,0.5256209797375149
1,"x1,x2,x3,x4,x5,x6",4,209,0.01,Lasso,default,0.645031985187706,0.11487354611843478,0.6543493117242372,0.46258821349600787,0.8011561191933779,0.58994135247573,0.7171249290491766
1,"x1,x2,x3,x4,x5,x6",4,209,0.003,Lasso,default,0.6583279601730183,0.1261502221728224,0.7554358193250843,0.459632962575081,0.7992640736344411,0.5678629528312908,0.709443992499194
1,"x1,x2,x3,x4,x5,x6",4,209,10.0,Ridge,svd,0.7088992618070751,0.14791463573074334,0.8275788146395634,0.5075092920181257,0.8895704117645555,0.5668846970441195,0.7529530935690121
1,"x1,x2,x3,x4,x5,x6",5,461,100.0,Ridge,svd,0.7098170542843574,0.19434886889601294,0.6520137333153849,0.5847237233016687,1.0596044609368,0.49677546368012165,0.7559678901878113
1,"x1,x2,x3,x4,x5,x6",4,209,0.03,Lasso,default,0.7105832616525383,0.09797910315299163,0.6459481024482502,0.5587355916668126,0.8286244421799716,0.7283000767798248,0.7913080951878316
1,"x1,x2,x3,x4,x5,x6",4,209,0.001,Lasso,default,0.7116123275634325,0.14410305797052358,0.8527052635312315,0.4813542903429296,0.8526552801934155,0.6161618701721923,0.7551849335773934
1,"x1,x2,x3,x4,x5,x6",6,923,100.0,Ridge,svd,0.7363557182322448,0.11710199994355273,0.7207738305857341,0.6799877934209269,0.9255524769293645,0.5717241862655935,0.7837403039596054
1,"x1,x2,x3,x4,x5,x6",6,923,0.001,Lasso,default,0.7469381631521211,0.11783301540425223,0.6361051533833766,0.9723742318535592,0.7439309468520197,0.6975379396256918,0.6847425440459588
1,"x1,x2,x3,x4,x5,x6",4,209,1.0,Ridge,svd,0.7613484883779208,0.15930252305475343,0.910692273244439,0.5100176692909626,0.9101691684561322,0.6426126417817573,0.8332506891163127
1,"x1,x2,x3,x4,x5,x6",7,1715,100.0,Ridge,lsqr,0.7954926048630802,0.07962818265307181,0.7381959149943995,0.7639653501695647,0.9510300058960184,0.7396733172508326,0.784598436004585
1,"x1,x2,x3,x4,x5,x6",4,209,0.1,Ridge,svd,0.796612767691997,0.1689641739102795,0.9353766806006345,0.5182758919054702,0.9416323641661013,0.6821484465415976,0.905630455246181
1,"x1,x2,x3,x4,x5,x6",4,209,0.01,Ridge,svd,0.8016256243489283,0.17053637460783092,0.9383527562004408,0.5195123905293875,0.946129002355258,0.6875037413831194,0.9166302312764355
1,"x1,x2,x3,x4,x5,x6",4,209,0.0001,Ridge,svd,0.8022006787898986,0.17072054979088153,0.9386872113977738,0.5196548865581672,0.9466439598255088,0.6881137918196817,0.9179035443483612
1,"x1,x2,x3,x4,x5,x6",4,209,0.0,LinearRegression,default,0.8022065123914466,0.17072242226535317,0.9386905970964147,0.5196563327445374,0.9466491827025528,0.688119975886168,0.9179164735275606
1,"x1,x2,x3,x4,x5,x6",6,923,10.0,Ridge,svd,0.8207855057938819,0.09293616657207542,0.7913271858048363,0.8824809308849035,0.9642749281796451,0.768153028471651,0.6976914556283733
1,"x1,x2,x3,x4,x5,x6",5,461,0.1,Lasso,default,0.8419018511892826,0.10989610500985088,0.6974841623515633,0.7303639800293082,0.9288226932121629,0.9776393390869853,0.8751990812663927
1,"x1,x2,x3,x4,x5,x6",6,923,0.1,Lasso,default,0.8421121746009342,0.09359948562195483,0.7007816548555894,0.780582129310307,0.9188309353567359,0.960871543289679,0.8494946101923601
1,"x1,x2,x3,x4,x5,x6",4,209,100.0,Ridge,svd,0.9084718034843083,0.1939479407933561,0.8345919893094003,0.673192312751892,1.2213366683684754,0.7854310213633893,1.0278070256283847
1,"x1,x2,x3,x4,x5,x6",7,1715,10.0,Ridge,lsqr,0.9542958537107497,0.10860785405158078,0.8609183776125269,0.9543697511381568,1.0501505096059833,1.0963165157649353,0.809724114432146
1,"x1,x2,x3,x4,x5,x6",5,461,1.0,Ridge,svd,0.9625813526166713,0.10837806694807096,0.9925329386266657,0.9680094149066407,1.1160687849236701,0.9587256425686418,0.7775699820577382
1,"x1,x2,x3,x4,x5,x6",3,83,0.01,Lasso,default,1.0036214811056694,0.1671688508517838,0.9585152580295748,0.7389028680301483,1.26010944864417,1.0445748679489792,1.0160049628754748
1,"x1,x2,x3,x4,x5,x6",8,3002,100.0,Ridge,lsqr,1.011255835159007,0.11571178328214266,0.8753411986581714,1.0464946106052087,1.0599693249454383,1.1847302005345552,0.889743841051661
1,"x1,x2,x3,x4,x5,x6",3,83,0.003,Lasso,default,1.0183196005663533,0.17514957176929802,1.020647991652776,0.7585752120621683,1.30843153706318,0.9773256802812291,1.0266175817724132
1,"x1,x2,x3,x4,x5,x6",3,83,0.001,Lasso,default,1.0313730654129591,0.17914972623108572,1.0477971699253605,0.7726171894011641,1.3297120684807295,0.9668030598818251,1.0399358393757165
1,"x1,x2,x3,x4,x5,x6",3,83,10.0,Ridge,svd,1.0331279743302277,0.2015005992471244,1.0307672197924742,0.7322103997864832,1.366400630256852,0.9965090089055041,1.0397526129098253
1,"x1,x2,x3,x4,x5,x6",3,83,1.0,Ridge,svd,1.0393155611907008,0.1841548303888697,1.0636502022100651,0.7745995303758525,1.3453735119348864,0.9672976845526374,1.0456568768800623
1,"x1,x2,x3,x4,x5,x6",3,83,0.1,Ridge,svd,1.041966013400195,0.18176063725894245,1.068884163055418,0.7827751011182891,1.3442307536546454,0.9653363913897998,1.048603657782823
1,"x1,x2,x3,x4,x5,x6",3,83,0.01,Ridge,svd,1.042269370056643,0.18150973245355723,1.0694403016946619,0.7836624989149197,1.344135227913736,0.965161937155014,1.048946884604883
1,"x1,x2,x3,x4,x5,x6",3,83,0.0001,Ridge,svd,1.0423032049261778,0.18148199683433588,1.069501870285602,0.7837609503103947,1.344124951738324,0.965143016544776,1.048985235751792
1,"x1,x2,x3,x4,x5,x6",3,83,0.0,LinearRegression,default,1.0423035471678417,0.18148171653805031,1.0695024925916061,0.7837619456227225,1.344124848175477,0.9651428257030725,1.0489856237463304
1,"x1,x2,x3,x4,x5,x6",3,83,0.03,Lasso,default,1.056277132396502,0.1727031657256816,0.9673720122827352,0.7696411619145975,1.2315172099471103,1.2208414751983305,1.092013802639737
1,"x1,x2,x3,x4,x5,x6",4,209,0.1,Lasso,default,1.057067076348735,0.1672249298949625,0.9077301378375747,0.8490491237320736,1.1298122723384205,1.3186503655036,1.080093482332007
1,"x1,x2,x3,x4,x5,x6",9,5004,100.0,Ridge,lsqr,1.1745696572907582,0.2348672920966134,0.985301450436852,1.1785727602294054,1.1093685203647932,1.6194564092941692,0.9801491461285711
1,"x1,x2,x3,x4,x5,x6",3,83,100.0,Ridge,svd,1.3013890219998476,0.2852031311523673,1.1707899100885866,0.9085171149859896,1.7787909246253215,1.3806637276162217,1.2681834326831185
1,"x1,x2,x3,x4,x5,x6",3,83,0.1,Lasso,default,1.3271002612990521,0.25746582010542063,1.1747766222587408,0.9831164105781827,1.4238700615558837,1.751297585902336,1.3024406262001185
1,"x1,x2,x3,x4,x5,x6",8,3002,10.0,Ridge,lsqr,1.4306222238661082,0.21011683344512752,1.2016300040769143,1.665492634280664,1.4172677627470756,1.671991989089601,1.1967287291362863
1,"x1,x2,x3,x4,x5,x6",10,8007,100.0,Ridge,lsqr,1.5638632971418787,0.4842911720645935,1.176493544625091,1.654455793378871,1.3716226453326292,2.4633156249734727,1.1534288773993289
1,"x1,x2,x3,x4,x5,x6",9,5004,10.0,Ridge,lsqr,1.6710869775846597,0.42059984074477236,1.3038753840565904,1.6872202434197852,1.6119493815056356,2.4514256263070893,1.3009642526341978
1,"x1,x2,x3,x4,x5,x6",7,1715,1.0,Ridge,lsqr,1.823040818140111,0.21210580133672124,1.541837013170454,1.7482676276766789,1.9442041187451564,2.1618392460275806,1.7190560850806846
1,"x1,x2,x3,x4,x5,x6",6,923,1.0,Ridge,svd,1.8535643416577776,0.17358747484968717,1.761822854779154,1.9901983361671014,1.826764935378744,1.5968326885655808,2.0922028933983094
1,"x1,x2,x3,x4,x5,x6",10,8007,10.0,Ridge,lsqr,2.1824635151114498,0.6450833134137705,1.5898015163237615,2.506836234798869,1.8788787667276137,3.295598464366307,1.6412025933406997
1,"x1,x2,x3,x4,x5,x6",5,461,0.1,Ridge,svd,2.336650927363235,0.4711718618634636,3.115290496918014,2.31601377467343,2.5233403421241953,1.7588657405037302,1.9697442825968074
1,"x1,x2,x3,x4,x5,x6",8,3002,1.0,Ridge,lsqr,2.3818206014507757,0.35240777438476567,1.8237507296154578,2.68056429951148,2.2267438856230086,2.8239185692206115,2.3541255232833223
1,"x1,x2,x3,x4,x5,x6",9,5004,1.0,Ridge,lsqr,2.6982019447169776,0.6042780906264968,1.9046727009239308,2.7839582915273677,3.1769406619413747,3.4958362116472204,2.1296018575449933
1,"x1,x2,x3,x4,x5,x6",10,8007,1.0,Ridge,lsqr,3.153266618950302,0.7766630269345453,2.1355791765496717,3.7132770327711855,3.2840669765293242,4.210067977096783,2.423341931804545
1,"x1,x2,x3,x4,x5,x6",2,27,0.03,Lasso,default,3.1653257117890754,0.5377182324112977,3.3247396349284317,2.3151957953690117,3.05998262671929,3.99324978452485,3.1334607174037923
1,"x1,x2,x3,x4,x5,x6",2,27,0.01,Lasso,default,3.1657251415975063,0.5244683873427373,3.333133343065319,2.300700583907865,3.1132259750492444,3.937613877105052,3.1439519288600493
1,"x1,x2,x3,x4,x5,x6",2,27,0.003,Lasso,default,3.169752352635625,0.5152414481137183,3.334863508737351,2.306534084456371,3.139172506880447,3.913920665297624,3.1542709978063312
1,"x1,x2,x3,x4,x5,x6",2,27,10.0,Ridge,svd,3.1715592551527703,0.5160390310250887,3.31149002034973,2.308205660082677,3.158309083097858,3.9239544987546724,3.155837013478914
1,"x1,x2,x3,x4,x5,x6",2,27,0.001,Lasso,default,3.172075122312692,0.511885397050504,3.3360494403979857,2.3111809163495884,3.1473577049227055,3.907804255472186,3.1579832944209945
1,"x1,x2,x3,x4,x5,x6",2,27,1.0,Ridge,svd,3.1728703413637502,0.5108751416586268,3.3343256317973045,2.312696222363331,3.1520175365348893,3.906603493092465,3.15870882303076
1,"x1,x2,x3,x4,x5,x6",2,27,0.1,Ridge,svd,3.1733551045356263,0.5103026847818884,3.3370839780629167,2.313574827928065,3.1517301092579757,3.905032099715868,3.159354507713305
1,"x1,x2,x3,x4,x5,x6",2,27,0.01,Ridge,svd,3.173407412639662,0.5102448356576055,3.3373649289287206,2.3136673409591753,3.1517051083626733,3.9048767207894834,3.1594229641582587
1,"x1,x2,x3,x4,x5,x6",2,27,0.0001,Ridge,svd,3.1734132094168492,0.5102384655051738,3.3373958907532484,2.3136775694619787,3.151702400189239,3.9048596487943428,3.159430537885437
1,"x1,x2,x3,x4,x5,x6",2,27,0.0,LinearRegression,default,3.1734132680135523,0.5102384011533713,3.337396203556863,2.31367767283288,3.1517023728763816,3.904859476369868,3.1594306144317703
1,"x1,x2,x3,x4,x5,x6",2,27,0.1,Lasso,default,3.3303142706705513,0.5571637088831499,3.491471271798504,2.5371338208217917,3.080983290024794,4.2434803394316285,3.2985026312760413
1,"x1,x2,x3,x4,x5,x6",2,27,100.0,Ridge,svd,3.3454369340395047,0.5368745366786651,3.3456786532274485,2.491343376979576,3.3885626271756473,4.1873760088071315,3.3142240040077184
1,"x1,x2,x3,x4,x5,x6",5,461,0.01,Ridge,svd,4.25999062558026,1.9533561004340128,8.037674084876262,3.762360496174135,3.972104080193559,2.769498075205428,2.758316391451918
1,"x1,x2,x3,x4,x5,x6",5,461,0.0001,Ridge,svd,5.0036714676199106,2.7878780786379918,10.470227608360744,4.138821258941495,4.34244298761156,3.1542934167139998,2.912572066471752
1,"x1,x2,x3,x4,x5,x6",5,461,0.0,LinearRegression,default,5.013360148190096,2.7995197477107703,10.503424079172872,4.143180405702785,4.346751508962759,3.15915291812403,2.914291828988038
1,"x1,x2,x3,x4,x5,x6",6,923,0.1,Ridge,svd,5.6655536210258415,1.1775447725313297,4.272535853307002,5.377202512527776,5.349615170794975,5.477830823940517,7.850583744558935
1,"x1,x2,x3",3,19,10.0,Ridge,svd,8.59902419700769,0.8934774177895299,8.141069549945533,8.216304780175625,8.880627623643722,10.182348684002942,7.5747703472706265
1,"x1,x2,x3",3,19,1.0,Ridge,svd,8.620149939297882,0.895693030295692,8.139188152195612,8.256695451512712,8.90205063314864,10.20720762386767,7.595607835764772
1,"x1,x2,x3",3,19,0.1,Ridge,svd,8.62398065249406,0.895036777844871,8.140336627226251,8.262667641535717,8.905013459549977,10.21036042002728,7.60152511413108
1,"x1,x2,x3",3,19,0.01,Ridge,svd,8.624392701365046,0.8949546102707165,8.14047491103777,8.263299065210115,8.905321888302037,10.210684206569642,7.602183435705667
1,"x1,x2,x3",3,19,0.0001,Ridge,svd,8.624438370528557,0.8949453735058178,8.14049040126353,8.263368930875027,8.905355957321538,10.210719920403875,7.602256642778815
1,"x1,x2,x3",3,19,0.0,LinearRegression,default,8.624438832183236,0.8949452800030373,8.140490558014601,8.263369637005615,8.905356301597234,10.210720281248376,7.602257383050356
1,"x1,x2,x3",3,19,100.0,Ridge,svd,8.632166874669373,0.8408100592724538,8.282733877522992,8.116135869400134,8.868963825501908,10.149150065612448,7.743850735309385
1,"x1,x2,x3",5,55,100.0,Ridge,svd,8.660841138372714,0.857323587449075,7.9564460087121045,8.663931668386292,8.703004282498663,10.206928441852959,7.773895290413547
1,"x1,x2,x3",4,34,100.0,Ridge,svd,8.727763747696011,0.8946805598618601,8.01581639436717,8.621444917042021,8.685708555635154,10.405371572692397,7.910477298743318
1,"x1,x2,x3",2,9,10.0,Ridge,svd,8.739982788081011,0.8569983500678818,8.253179048155294,8.292388375986137,8.676942615277266,10.407782048657936,8.06962185232843
1,"x1,x2,x3",2,9,100.0,Ridge,svd,8.745552582452236,0.8325821243267503,8.267428962443251,8.241512247189812,8.667231512318114,10.374625764225224,8.176964426084774
1,"x1,x2,x3",2,9,1.0,Ridge,svd,8.747079933880373,0.8594118370682237,8.258187831095803,8.308036105969537,8.686902828602753,10.417861480823028,8.064411422910743
1,"x1,x2,x3",2,9,0.1,Ridge,svd,8.74791382495359,0.859650555983106,8.258789338284936,8.309768596276495,8.688046064288065,10.418975034293732,8.063990091624722
1,"x1,x2,x3",2,9,0.01,Ridge,svd,8.747998528308482,0.8596743980890744,8.2588505481861,8.309943615617247,8.68816195024942,10.419087502909594,8.06394902458005
1,"x1,x2,x3",2,9,0.0001,Ridge,svd,8.748007860350322,0.8596770203860852,8.25885729309355,8.309962887503705,8.688174715153691,10.419099886881316,8.063944519119346
1,"x1,x2,x3",2,9,0.0,LinearRegression,default,8.748007954628214,0.8596770468735953,8.258857361235883,8.309963082189213,8.688174844109772,10.419100011984508,8.063944473621696
1,"x1,x2,x3",7,119,100.0,Ridge,svd,8.773162969013473,0.8602266275006815,7.897054684258134,9.164845749816285,8.689797593054973,10.199604928448139,7.914511889489837
1,"x1,x2,x3",5,55,10.0,Ridge,svd,8.825657787993428,0.9452250532628379,7.741518139392501,9.16335633999203,8.810833212811065,10.407929179637863,8.004652068133678
1,"x1,x2,x3",6,83,100.0,Ridge,svd,8.862456977324099,0.9194518644478396,7.999361060846522,9.199150963043383,8.700112601748277,10.452847750871722,7.960812510110594
1,"x1,x2,x3",9,219,100.0,Ridge,svd,8.928049235521677,0.9439356409031853,7.899962874211502,9.666259916446554,8.698307402225947,10.34227849739163,8.033437487332748
1,"x1,x2,x3",4,34,10.0,Ridge,svd,8.965433016963964,1.0979268346059554,7.942639934507386,9.241030963687646,8.82080260866962,10.909104514121054,7.913587063834109
1,"x1,x2,x3",8,164,100.0,Ridge,svd,8.9754700555287,1.017666213122394,7.970567511567045,9.72122559416988,8.698194175674256,10.545888373186518,7.941474623045801
1,"x1,x2,x3",5,55,1.0,Ridge,svd,9.012353283087261,0.934756315356558,7.748170840048769,9.411536411032582,8.9939219939067,10.50781853133736,8.400318639110896
1,"x1,x2,x3",5,55,0.1,Ridge,svd,9.093198002005298,0.8750132849755803,7.835921108883078,9.42809978558535,9.055671538510527,10.487813509438705,8.658484067608834
1,"x1,x2,x3",5,55,0.01,Ridge,svd,9.109586508951121,0.8618781167172453,7.856157363061972,9.42702723845432,9.068746813129266,10.482181468126859,8.713819661983191
1,"x1,x2,x3",5,55,0.0001,Ridge,svd,9.111650263574942,0.8602608426033702,7.858670415007627,9.426863055083793,9.07046948647687,10.481482259600194,8.720766101706232
1,"x1,x2,x3",5,55,0.0,LinearRegression,default,9.111671424738715,0.8602443118541545,7.858696126503399,9.426861352459454,9.070487248337537,10.481475108757587,8.720837287635598
1,"x1,x2,x3",10,285,100.0,Ridge,svd,9.155246141476223,1.168541241474255,7.972665432336129,10.265644686209775,8.71388186892832,10.802935193283815,8.02110352662307
1,"x1,x2,x3",4,34,1.0,Ridge,svd,9.159003686278552,1.2293214729337574,7.933818763292855,9.642869380876279,8.958522645213522,11.263498904182446,7.9963087378276585
1,"x1,x2,x3",7,119,10.0,Ridge,svd,9.185677896176824,1.1022829400688559,7.892922256817616,10.128993521503938,8.787755173189641,10.79961304193144,8.319105487441481
1,"x1,x2,x3",4,34,0.1,Ridge,svd,9.198621934972348,1.2524034660242558,7.936721665391199,9.726492003096359,8.990176324358718,11.325751324258418,8.013968357757049
1,"x1,x2,x3",4,34,0.01,Ridge,svd,9.2030304814182,1.2549038140914648,7.9371268333876746,9.735857165600356,8.993746649865944,11.332475021999516,8.015946736237506
1,"x1,x2,x3",4,34,0.0001,Ridge,svd,9.20352099178098,1.2551811976317635,7.937172893812675,9.736899940723836,8.994144444748535,11.333220647273643,8.016167032346216
1,"x1,x2,x3",4,34,0.0,LinearRegression,default,9.203525952132996,1.2551840018809233,7.93717336060313,9.73691048672244,8.994148468058146,11.333228184981026,8.016169260300233
1,"x1,x2,x3",6,83,10.0,Ridge,svd,9.213113716083175,1.2696659297497075,7.92653434529286,10.286009878023387,8.814725657001526,11.085648081305171,7.95265061879293
1,"x1,x2,x3",8,164,10.0,Ridge,svd,9.70461238667259,1.5768456238073651,8.07394392954479,11.506390576901762,8.819472907242988,11.718180187662957,8.40507433201046
1,"x1,x2,x3,x4,x5,x6",1,6,100.0,Ridge,svd,9.864049827662967,0.6503967547872398,8.97197322445212,9.62486451627731,10.304317106182268,10.853556984109137,9.565537307294004
1,"x1,x2,x3,x4,x5,x6",1,6,10.0,Ridge,svd,9.901950665020347,0.6163378184050188,9.058436616134028,9.724288036430735,10.38010841643909,10.798044773811768,9.548875482286117
1,"x1,x2,x3,x4,x5,x6",1,6,1.0,Ridge,svd,9.909842388207489,0.6120060102492315,9.074304015780598,9.738682561856189,10.393423149020556,10.793759703889487,9.549042510490612
1,"x1,x2,x3,x4,x5,x6",1,6,0.1,Ridge,svd,9.910688927024086,0.6115618781971391,9.075991148207198,9.740181147131139,10.394834413112747,10.793351472537566,9.549086454131778
1,"x1,x2,x3,x4,x5,x6",1,6,0.01,Ridge,svd,9.910774176689483,0.61151735386597,9.076160903357543,9.74033161626439,10.394976367706892,10.793310862796403,9.549091133322188
1,"x1,x2,x3,x4,x5,x6",1,6,0.0001,Ridge,svd,9.910783560791309,0.6115124549542906,9.076179588032911,9.740348174668876,10.3949919919399,10.793306398105823,9.549091651209034
1,"x1,x2,x3,x4,x5,x6",1,6,0.0,LinearRegression,default,9.91078365558693,0.6115124054690851,9.076179776778748,9.740348341932364,10.394992149769768,10.793306353010347,9.549091656443427
1,"x1,x2,x3",9,219,10.0,Ridge,svd,9.920485700524534,1.4108690424688681,8.166409789584325,11.639902797955916,8.823077478284697,11.504970769959137,9.468067666838602
1,"x1,x2,x3",6,83,1.0,Ridge,svd,9.953315504936942,1.7349732767089432,8.227633778141259,12.062159052800087,8.995917352765622,12.049297667470046,8.431569673507699
1,"x1,x2,x3",7,119,1.0,Ridge,svd,10.395537031446114,1.5556697160449797,8.494995873285506,12.503692496007366,8.970806532623095,11.802099596087945,10.206090659226659
1,"x1,x2,x3",10,285,10.0,Ridge,svd,10.553948862986534,1.9366753021001135,8.262072874304717,13.149849694563489,8.918441587665498,12.484769656219683,9.954610502179284
1,"x1,x2,x3",6,83,0.1,Ridge,svd,10.662390097178854,2.1049015739879,8.487967250174584,13.713575134076297,9.251767137970424,12.658893773196203,9.19974719047676
1,"x1,x2,x3",1,3,100.0,Ridge,svd,10.816276756495323,0.8163874715651531,10.502099718613177,9.917210005509713,11.498960400850104,12.03513175843489,10.127981899068747
1,"x1,x2,x3",1,3,10.0,Ridge,svd,10.866116252273837,0.8429470028804014,10.62968187019808,9.940048278037452,11.632693656197059,12.057375244676747,10.070782212259852
1,"x1,x2,x3",1,3,1.0,Ridge,svd,10.874077888018642,0.8468072378402358,10.64758724040914,9.944459771319037,11.65135853991704,12.061991832243624,10.064992056204362
1,"x1,x2,x3",1,3,0.1,Ridge,svd,10.874916115390194,0.847209932468222,10.649447412437809,9.944931371826044,11.653296459948256,12.062489093679844,10.064416239059012
1,"x1,x2,x3",1,3,0.01,Ridge,svd,10.875000375515338,0.8472503748322026,10.649634150154043,9.944978848852461,11.653490990839003,12.062539192217326,10.064358695513862
1,"x1,x2,x3",1,3,0.0001,Ridge,svd,10.875009649003387,0.8472548254185474,10.649654699328252,9.94498407485813,11.653512397466821,12.062544707208918,10.064352366154813
1,"x1,x2,x3",1,3,0.0,LinearRegression,default,10.875009742679913,0.8472548703759125,10.649654906903786,9.94498412764964,11.653512613703706,12.062544762920103,10.064352302222328
1,"x1,x2,x3",6,83,0.01,Ridge,svd,10.893259374050633,2.2532190293245935,8.55606570831562,14.321785700209187,9.34120273479409,12.804796527815279,9.442446199118994
1,"x1,x2,x3",6,83,0.0001,Ridge,svd,10.928630294502046,2.279218441137621,8.565622777092056,14.42270634465785,9.35428737801129,12.824335858955767,9.47619911379327
1,"x1,x2,x3",6,83,0.0,LinearRegression,default,10.929003398795881,2.27949801012474,8.565722314717682,14.423783133861537,9.354424177686974,12.824537873283251,9.476549494429962
1,"x1,x2,x3",8,164,1.0,Ridge,svd,11.411112855136194,2.346708918838715,8.576950074170156,14.892300418955983,9.201532688512225,12.992713622056158,11.39206747198645
1,"x1,x2,x3",9,219,1.0,Ridge,svd,12.515574413495502,3.0782042944643733,8.834060144308916,16.47404465387053,9.32262111063579,12.612102657189018,15.335043501473251
1,"x1,x2,x3",7,119,0.1,Ridge,svd,12.642834561825431,3.1247444032448928,9.178200911116445,17.169166912196324,9.444321043838626,12.330066830073186,15.092417111902577
1,"x1,x2,x3,x4,x5,x6",6,923,0.01,Ridge,svd,13.183420708604752,2.2588970136794235,10.592807758864438,12.742939460512957,11.668299789903028,13.727633812953433,17.1854227207899
1,"x1,x2,x3",10,285,1.0,Ridge,svd,13.850536858680561,4.061559256545861,8.903398377029244,18.54261859015105,9.472656624741543,14.421493971716325,17.912516729764654
1,"x1,x2,x3",7,119,0.01,Ridge,svd,14.200309071229047,4.543959576208386,9.566638788080002,20.354509690964324,9.704068951276412,12.58581340111979,18.7905145247047
1,"x1,x2,x3",8,164,0.1,Ridge,svd,14.387286963467488,4.355074436148803,9.146988885836432,19.252323124988443,9.860655736445178,14.471865276725605,19.204601793341773
1,"x1,x2,x3",7,119,0.0001,Ridge,svd,14.684656828442112,5.0120355433645924,9.663414087234361,21.311966893226213,9.779927608465169,12.661697605362937,20.00627794792188
1,"x1,x2,x3",7,119,0.0,LinearRegression,default,14.691349184186567,5.018679386605777,9.664601832619107,21.325747012335768,9.78091569084585,12.66267645884341,20.022804926288707
1,"x1,x2,x3",9,219,0.1,Ridge,svd,16.803274237932293,6.8016653119929575,9.51474726864626,24.33392888744227,10.182257705300454,14.640294034654081,25.34514329361839
1,"x1,x2,x3",8,164,0.01,Ridge,svd,19.9668920203843,9.091275554030105,9.742690607938867,25.853379328985824,10.991283756595365,19.38174373754475,33.8653626708567
1,"x1,x2,x3",10,285,0.1,Ridge,svd,20.400969269730602,9.30017735785688,9.852252534866764,28.79382171296196,10.327701281594631,20.412071989847526,32.61899882938215
1,"x1,x2,x3,x4,x5,x6",6,923,0.0001,Ridge,svd,24.72288563365168,4.076070241033693,23.52338133440177,26.009036367595193,18.258876410901202,24.92326019288132,30.89987386247891
1,"x1,x2,x3",9,219,0.01,Ridge,svd,25.22416514878029,14.15157676483111,10.553753369427707,45.667909001903965,11.658132446196102,20.352173393162875,37.888857533210796
1,"x1,x2,x3,x4,x5,x6",6,923,0.0,LinearRegression,default,25.734441417958102,4.647697936784993,23.857059732525197,27.99601559972898,18.613478249774385,25.499630617089604,32.70602289067233
1,"x1,x2,x3",8,164,0.0001,Ridge,svd,27.176031664974566,15.122675927855799,10.22010390416786,34.774523958630176,12.340913946626149,27.3241801157424,51.22043639970624
1,"x1,x2,x3",8,164,0.0,LinearRegression,default,27.360988561071064,15.267426754213771,10.235562721216121,35.007084010979284,12.36876997938176,27.564854633960692,51.628671459817454
1,"x1,x2,x3",10,285,0.01,Ridge,svd,32.246241358795075,19.835449370798983,11.140741085633739,63.424762870202166,11.71926691248432,31.403470664452634,43.54296526120252
1,"x1,x2,x3",9,219,0.0001,Ridge,svd,89.66225258940302,74.37535067930503,13.651201559939242,224.2495387544499,38.34919571877831,109.564041697306,62.49728521654167
1,"x1,x2,x3",9,219,0.0,LinearRegression,default,117.55486141251772,106.91551521253206,14.467986266166587,312.8151040204682,47.78148123023044,146.86391921776803,65.84581632795538
1,"x1,x2,x3",10,285,0.0001,Ridge,svd,202.31878449142323,208.1801937097544,46.66886768150146,549.8279052620303,39.86106713242494,337.4191526797266,37.81692970143281
1,"x1,x2,x3",10,285,0.0,LinearRegression,default,824.6455399622715,786.4548581260797,40.86785142498764,1744.676154169887,241.1566891144186,1820.0546652932685,276.4723398087958
