term,coefficient
1,0.5946971725972217
x1,1.6157276998204166
x2,-0.7151222298030495
x3,-0.34780642695330266
x1^2,-0.6488674374491786
x1 x2,1.4811752038348842
x1 x3,-0.0
x2^2,0.0
x2 x3,0.7637695689559647
x3^2,0.0
x1^3,0.27177595301389806
x1^2 x2,-1.7645137406517375
x1^2 x3,0.45049718262378674
x1 x2^2,-0.918289712319858
x1 x2 x3,0.0
x1 x3^2,-1.0573669550129754
x2^3,0.0
x2^2 x3,0.0
x2 x3^2,0.4867903818784332
x3^3,-0.0
x1^4,0.0
x1^3 x2,2.367504793192933
x1^3 x3,1.9084486272986618
x1^2 x2^2,-0.0
x1^2 x2 x3,0.5687391250321503
x1^2 x3^2,0.1656824714403119
x1 x2^3,0.2957892284488336
x1 x2^2 x3,-0.0
x1 x2 x3^2,0.0227239285372853
x1 x3^3,-0.9838995732607867
x2^4,0.24568374430250225
x2^3 x3,-0.0
x2^2 x3^2,-0.6214609573969958
x2 x3^3,0.0
x3^4,-0.0
x1^5,0.25570775442625654
x1^4 x2,-0.0
x1^4 x3,0.35690337883732737
x1^3 x2^2,-0.0
x1^3 x2 x3,3.1573051843452298
x1^3 x3^2,0.0
x1^2 x2^3,0.0
x1^2 x2^2 x3,1.561338756974983
x1^2 x2 x3^2,-1.0334792210700836
x1^2 x3^3,-0.0
x1 x2^4,-1.339990362300496
x1 x2^3 x3,0.0
x1 x2^2 x3^2,2.5202662317679967
x1 x2 x3^3,0.0
x1 x3^4,-0.0
x2^5,0.024686293850806475
x2^4 x3,-0.0
x2^3 x3^2,2.7844408617381626
x2^2 x3^3,4.480748694011953
x2 x3^4,2.6156432090910373
x3^5,0.0
x1^6,0.18278795859908487
x1^5 x2,0.0
x1^5 x3,0.13078214255196746
x1^4 x2^2,0.0
x1^4 x2 x3,-0.0
x1^4 x3^2,4.906931063522333
x1^3 x2^3,0.0
x1^3 x2^2 x3,0.0
x1^3 x2 x3^2,0.0
x1^3 x3^3,0.0
x1^2 x2^4,-0.0
x1^2 x2^3 x3,0.0
x1^2 x2^2 x3^2,-0.4941843117983696
x1^2 x2 x3^3,0.0
x1^2 x3^4,0.0
x1 x2^5,0.0
x1 x2^4 x3,-0.6122856869615488
x1 x2^3 x3^2,-0.0
x1 x2^2 x3^3,0.0
x1 x2 x3^4,1.6203432674615548
x1 x3^5,-0.0
x2^6,4.344433110517681
x2^5 x3,-0.3420301093168195
x2^4 x3^2,-0.07618243266764742
x2^3 x3^3,-0.0
x2^2 x3^4,-0.0
x2 x3^5,0.0
x3^6,-2.020780642231853
x1^7,1.3777794072225773
x1^6 x2,0.0
x1^6 x3,0.0
x1^5 x2^2,-0.0
x1^5 x2 x3,0.0
x1^5 x3^2,0.0
x1^4 x2^3,0.0
x1^4 x2^2 x3,-0.0
x1^4 x2 x3^2,-0.0
x1^4 x3^3,-0.0
x1^3 x2^4,-0.0
x1^3 x2^3 x3,0.0
x1^3 x2^2 x3^2,-0.0
x1^3 x2 x3^3,0.400163301056098
x1^3 x3^4,0.0
x1^2 x2^5,0.0
x1^2 x2^4 x3,0.0
x1^2 x2^3 x3^2,-3.6473337061673496
x1^2 x2^2 x3^3,0.9503906211154953
x1^2 x2 x3^4,0.0
x1^2 x3^5,-1.8428182531018003
x1 x2^6,-0.0
x1 x2^5 x3,-0.0
x1 x2^4 x3^2,1.0422570360318508
x1 x2^3 x3^3,-0.0
x1 x2^2 x3^4,-0.0
x1 x2 x3^5,-0.0
x1 x3^6,-0.0
x2^7,0.19354441784407758
x2^6 x3,-0.0
x2^5 x3^2,0.0
x2^4 x3^3,0.0
x2^3 x3^4,-0.0
x2^2 x3^5,-0.0
x2 x3^6,0.0
x3^7,0.0
x1^8,0.0
x1^7 x2,-0.0
x1^7 x3,0.0
x1^6 x2^2,2.5121966771882622
x1^6 x2 x3,-0.8904250114905893
x1^6 x3^2,0.24944425109292634
x1^5 x2^3,0.0
x1^5 x2^2 x3,1.241274161000623
x1^5 x2 x3^2,0.0
x1^5 x3^3,0.0
x1^4 x2^4,-0.0
x1^4 x2^3 x3,-0.0
x1^4 x2^2 x3^2,-0.0
x1^4 x2 x3^3,-0.0
x1^4 x3^4,0.0
x1^3 x2^5,0.0
x1^3 x2^4 x3,-0.0
x1^3 x2^3 x3^2,0.0
x1^3 x2^2 x3^3,0.0
x1^3 x2 x3^4,0.1122089210792129
x1^3 x3^5,0.8268169085266894
x1^2 x2^6,-1.315180018103891
x1^2 x2^5 x3,-0.0
x1^2 x2^4 x3^2,-0.0
x1^2 x2^3 x3^3,1.1488252521932867
x1^2 x2^2 x3^4,0.0
x1^2 x2 x3^5,-0.0
x1^2 x3^6,0.0
x1 x2^7,0.0
x1 x2^6 x3,-0.9994129720929484
x1 x2^5 x3^2,0.0
x1 x2^4 x3^3,0.0
x1 x2^3 x3^4,-0.0
x1 x2^2 x3^5,0.0
x1 x2 x3^6,0.0
x1 x3^7,-0.0
x2^8,0.0
x2^7 x3,-0.0
x2^6 x3^2,-0.0
x2^5 x3^3,-0.0
x2^4 x3^4,-0.0
x2^3 x3^5,0.0
x2^2 x3^6,-0.0
x2 x3^7,0.0
x3^8,-0.0
x1^9,0.9843304867997125
x1^8 x2,2.7342314953527707
x1^8 x3,-0.0
x1^7 x2^2,-1.6647947274366885
x1^7 x2 x3,2.7743675002518065
x1^7 x3^2,0.3212856844446001
x1^6 x2^3,0.6731030002734599
x1^6 x2^2 x3,-2.7572216502168363
x1^6 x2 x3^2,0.0
x1^6 x3^3,-1.3448443056344606
x1^5 x2^4,-2.7350408501423202
x1^5 x2^3 x3,-0.0
x1^5 x2^2 x3^2,-0.42193921701612636
x1^5 x2 x3^3,0.0
x1^5 x3^4,0.43319260493004985
x1^4 x2^5,1.1772065702824221
x1^4 x2^4 x3,-0.25442477468721003
x1^4 x2^3 x3^2,-0.05469394869356567
x1^4 x2^2 x3^3,0.0
x1^4 x2 x3^4,2.7290445467261564
x1^4 x3^5,-0.0
x1^3 x2^6,-0.0
x1^3 x2^5 x3,-2.3375448832956653
x1^3 x2^4 x3^2,-0.42500926176639886
x1^3 x2^3 x3^3,0.0
x1^3 x2^2 x3^4,-0.041176458760441785
x1^3 x2 x3^5,0.0
x1^3 x3^6,0.0
x1^2 x2^7,0.0
x1^2 x2^6 x3,0.0
x1^2 x2^5 x3^2,-0.0
x1^2 x2^4 x3^3,0.0
x1^2 x2^3 x3^4,-0.0
x1^2 x2^2 x3^5,0.8473857889391125
x1^2 x2 x3^6,3.7952730726187873
x1^2 x3^7,-0.0
x1 x2^8,-0.15159498509894162
x1 x2^7 x3,-1.7034291884734063
x1 x2^6 x3^2,0.2371190021086328
x1 x2^5 x3^3,-1.9458620013864378
x1 x2^4 x3^4,-0.0
x1 x2^3 x3^5,-1.1440940884000215
x1 x2^2 x3^6,-2.2713556194562927
x1 x2 x3^7,-0.47805942522412426
x1 x3^8,-2.7811593175636222
x2^9,3.3202756012982837
x2^8 x3,-1.0741257386994658
x2^7 x3^2,1.233635692526501
x2^6 x3^3,-0.0
x2^5 x3^4,-0.0
x2^4 x3^5,-0.09143668815060875
x2^3 x3^6,-0.0
x2^2 x3^7,-0.0
x2 x3^8,0.1422525293054672
x3^9,1.8836277428822195
x1^10,0.0
x1^9 x2,-2.1507689625704045
x1^9 x3,-0.0
x1^8 x2^2,1.8903052432194314
x1^8 x2 x3,-1.624018157380935
x1^8 x3^2,0.0
x1^7 x2^3,0.06787295755602238
x1^7 x2^2 x3,0.0
x1^7 x2 x3^2,-0.0
x1^7 x3^3,-0.0
x1^6 x2^4,-0.0
x1^6 x2^3 x3,-0.0
x1^6 x2^2 x3^2,-0.0
x1^6 x2 x3^3,-0.23164807931731163
x1^6 x3^4,0.0
x1^5 x2^5,3.192958171194713
x1^5 x2^4 x3,-0.5875057312050448
x1^5 x2^3 x3^2,0.8615386967960283
x1^5 x2^2 x3^3,-1.7204553274181607
x1^5 x2 x3^4,0.0
x1^5 x3^5,0.0
x1^4 x2^6,-1.849853051896142
x1^4 x2^5 x3,-1.934323012992213
x1^4 x2^4 x3^2,-0.0
x1^4 x2^3 x3^3,0.0
x1^4 x2^2 x3^4,1.6834108049987107
x1^4 x2 x3^5,-1.6375569841629138
x1^4 x3^6,4.213764136732532
x1^3 x2^7,0.0
x1^3 x2^6 x3,-0.0
x1^3 x2^5 x3^2,3.7282315508485704
x1^3 x2^4 x3^3,-1.332757112122567
x1^3 x2^3 x3^4,0.0
x1^3 x2^2 x3^5,0.0
x1^3 x2 x3^6,1.1946412859772655
x1^3 x3^7,1.2739430259460678
x1^2 x2^8,-0.5333194991447255
x1^2 x2^7 x3,-2.057312580093252
x1^2 x2^6 x3^2,-0.0
x1^2 x2^5 x3^3,0.0
x1^2 x2^4 x3^4,0.0
x1^2 x2^3 x3^5,0.0
x1^2 x2^2 x3^6,1.3035450207070305
x1^2 x2 x3^7,-0.0
x1^2 x3^8,0.9007108081295034
x1 x2^9,0.37831403749383047
x1 x2^8 x3,-0.0
x1 x2^7 x3^2,0.5525084311190162
x1 x2^6 x3^3,0.0
x1 x2^5 x3^4,-0.0
x1 x2^4 x3^5,0.1985293974389019
x1 x2^3 x3^6,-2.504079262873213
x1 x2^2 x3^7,0.0
x1 x2 x3^8,0.0
x1 x3^9,-0.18858062769356784
x2^10,0.0
x2^9 x3,-1.9408484193368263
x2^8 x3^2,-1.2897328923098599
x2^7 x3^3,-0.0
x2^6 x3^4,-1.2676606970455162
x2^5 x3^5,0.0
x2^4 x3^6,-0.8915310649033209
x2^3 x3^7,0.46309767860825213
x2^2 x3^8,-1.0191321101313884
x2 x3^9,0.6887252718289432
x3^10,-0.0
